Workbook

Sheet A CHAU
B2: BÁO CÁO TỜ KHAI XUẤT NHẬP KHẨU
J3: Chi phí làm hàng
A4: STT | B4: Số TK | C4: Ngày ĐK | D4: Tạo Job | E4: Note | F4: Ngày tạm ứmg | G4: 20' | H4: 40' | I4: LCL / CONT NO. | J4: Nâng/hạ/ CSHT | K4: Chi phí làm hàng | L4: LCC/ CO | M4: Chi hộ TM | N4: Estimate tạm ứng | O4: Vận đơn/ BOOKING | Q4: Ngày vận đơn | R4: Số lượng kiện | S4: Tổng trọng lượng hàng (Gross) | T4: Địa điểm lưu kho | U4: Tên địa điểm lưu kho | V4: Mã phương tiện vận chuyển | W4: Tên phương tiện vận chuyển | X4: Ngày đến | Y4: Mã địa điểm dỡ hàng | Z4: Tên địa điểm dỡ hàng | AA4: Mã địa điểm xếp hàng | AB4: Tên địa điểm xếp hàng | AC4: Số lượng cont | AD4: Số giấy phép | AE4: Số hóa đơn TM | AF4: Ngày HĐTM | AG4: Tổng trị giá hóa đơn | AH4: Phương thức thanh toán | AI4: Điều kiện giá hóa đơn | AJ4: Ng.Tệ hóa đơn | AK4: Tỷ giá VNĐ | AL4: Phí BH | AM4: Phí VC | AN4: Người nộp thuế | AO4: Trị giá KB | AP4: Tổng trị giá TT | AQ4: Tổng tiền thuế | AR4: Khoản điều chỉnh 1 | AS4: Khoản điều chỉnh 2 | AT4: Khoản điều chỉnh 3 | AU4: Khoản điều chỉnh 4 | AV4: Khoản điều chỉnh 5 | AW4: Lý do đề nghị BP | AX4: Mã ngân hàng trả thuế | AY4: Tên ngân hàng trả thuế | AZ4: Năm phát hành hạn mức | BA4: Ký hiệu CT hạn mức | BB4: Số CT hạn mức | BC4: Mã xđ thời hạn nộp thuế | BD4: Mã ngân hàng bảo lãnh | BE4: Tên ngân hàng bảo lãnh | BF4: Năm phát hành bảo lãnh | BG4: Ký hiệu CT bảo lãnh | BH4: Số hiệu CT bảo lãnh | BI4: Số hợp đồng | BJ4: Ngày hợp đồng | BK4: Ngày HHHĐ | BL4: Trạng thái | BM4: Phân luồng | BN4: Ngày thông quan | BO4: Tổng thuế XNK | BP4: Tổng Thuế TV | BQ4: Số tiền miễn thuế XNK | BR4: Tổng thuế PBĐX | BS4: Tổng thuế TTĐB | BT4: Tổng thuế MT | BU4: Tổng thuế VAT | BV4: Tổng lượng hàng | BW4: Số hồ sơ TK | BX4: Ghi chú | BY4: Số điện thoại | BZ4: Mã doanh nghiệp | CA4: Tên doanh nghiệp | CB4: Mã phân loại khai trị giá | CC4: Số hợp đồng xuất khẩu | CD4: Số Record | CE4: Nhà cung cấp | CF4: Số chứng từ thanh toán | CG4: Ngày chứng từ thanh toán | CH4: Mã tiền tệ phí bảo hiểm | CI4: Mã tiền tệ phí vận chuyển | CJ4: Địa chỉ đối tác 1 | CK4: Địa chỉ đối tác 2 | CL4: Địa chỉ đối tác 3 | CM4: Địa chỉ đối tác 4 | CN4: Ký hiệu và số bao bì | CO4: Chi tiết khai trị giá
A5: 1 | B5: 305258522500 | C5: 44930 | D5: KGN-23010881 | F5: 44963 | G5: 1 | I5: TEMU0499180 | J5: =(G5*$C$255)+(G5*$C$256)+(H5*$D$255+H5*$D$256)+(G5*$C$258+H5*$D$258) -> 1300000 | K5: =SUM(G5:I5)*250000 -> 250000 | L5: 300000 | N5: =+SUM(J5:M5) -> 1850000 | O5: 7242946470 | R5: 790 | W5: OREA 033N | BM5: XANH
A6: 2 | B6: 305263342920 | C6: 44931 | D6: KGN-23010890 | F6: 44963 | H6: 1 | I6: HMMU6455630 | J6: =(G6*$C$255)+(G6*$C$256)+(H6*$D$255+H6*$D$256)+(G6*$C$258+H6*$D$258) -> 2000000 | K6: =SUM(G6:I6)*250000 -> 250000 | L6: 300000 | N6: =+SUM(J6:M6) -> 2550000 | O6: SGNE95488800 | R6: 1600 | W6: ONE CYGNUS 013W | BM6: XANH
A7: 3 | B7: 305262991520 | C7: 44931 | D7: KGN-23010900 | F7: 44963 | G7: 1 | I7: CULU1924155 | J7: =(G7*$C$255)+(G7*$C$256)+(H7*$D$255+H7*$D$256)+(G7*$C$258+H7*$D$258) -> 1300000 | K7: =SUM(G7:I7)*250000 -> 250000 | L7: 300000 | N7: =+SUM(J7:M7) -> 1850000 | O7: CULVSGN2300006 | R7: 200 | W7: ZHONG LIAN SHAN TOU 2249N | BM7: XANH
A8: 4 | B8: 105204164550 | C8: 44931 | D8: KGN-23010127 | F8: 44963 | G8: 5 | I8: EGHU3209614 EITU0601582 EITU0611847 EITU3020621 EITU3088088 | J8: =(G8*$C$255)+(G8*$C$256)+(H8*$D$255+H8*$D$256)+(G8*$C$258+H8*$D$258) -> 6500000 | K8: =SUM(G8:I8)*250000 -> 1250000 | N8: =+SUM(J8:M8) -> 7750000 | O8: EGLV091230734256 | R8: 5 | BM8: VÀNG
A9: 5 | B9: 105204217530 | C9: 44932 | D9: KGN-23010147 | F9: 44963 | H9: 3 | I9: CMAU4185078 CMAU6460646 CMAU6971780 | J9: =(G9*$C$255)+(G9*$C$256)+(H9*$D$255+H9*$D$256)+(G9*$C$258+H9*$D$258) -> 6000000 | K9: =SUM(G9:I9)*250000 -> 750000 | N9: =+SUM(J9:M9) -> 6750000 | O9: XDQD906107 | R9: 3300 | BM9: VÀNG
A10: 6 | B10: 105210601050 | C10: 44935 | D10: KGN-23010636 | F10: 13/01/2023 | I10: AIR | J10: =(G10*$C$255)+(G10*$C$256)+(H10*$D$255+H10*$D$256)+(G10*$C$258+H10*$D$258) -> 0 | K10: =SUM(G10:I10)*250000 -> 0 | N10: =+SUM(J10:M10) -> 0 | O10: 625044315044 | R10: 1 | BM10: VÀNG
A11: 7 | B11: 105216259630 | C11: 44936 | D11: KGN-23010438 | F11: 13/01/2023 | H11: 4 | I11: WHSU4010385 WHSU4014122 WHSU4021060 WHSU4061989 | J11: =(G11*$C$255)+(G11*$C$256)+(H11*$D$255+H11*$D$256)+(G11*$C$258+H11*$D$258) -> 8000000 | K11: =SUM(G11:I11)*250000 -> 1000000 | N11: =+SUM(J11:M11) -> 9000000 | O11: 046CX04159 | R11: 160 | BM11: VÀNG
A12: 8 | B12: 105214353860 | C12: 44936 | D12: KGN-23010634 | F12: 13/01/2023 | H12: 3 | I12: TRHU4201790 BMOU5842873 CSNU8035111 | J12: =(G12*$C$255)+(G12*$C$256)+(H12*$D$255+H12*$D$256)+(G12*$C$258+H12*$D$258) -> 6000000 | K12: =SUM(G12:I12)*250000 -> 750000 | N12: =+SUM(J12:M12) -> 6750000 | O12: TAOHCM2479JHL12 | R12: 3300 | BM12: ĐỎ
A13: 9 | B13: 305274320100 | C13: 44936 | D13: KGN-23010547 | F13: 13/01/2023 | H13: 1 | I13: OBLU8811520 | J13: =(G13*$C$255)+(G13*$C$256)+(H13*$D$255+H13*$D$256)+(G13*$C$258+H13*$D$258) -> 2000000 | K13: =SUM(G13:I13)*250000 -> 250000 | L13: 300000 | N13: =+SUM(J13:M13) -> 2550000 | O13: O22120116 | R13: 1120 | BM13: XANH
A14: 10 | B14: 305280758550 | C14: 44938 | D14: KGN-23010635 | F14: 13/01/2023 | H14: 2 | I14: OOCU8561204 FFAU3543128 | J14: =(G14*$C$255)+(G14*$C$256)+(H14*$D$255+H14*$D$256)+(G14*$C$258+H14*$D$258) -> 4000000 | K14: =SUM(G14:I14)*250000 -> 500000 | L14: 300000 | N14: =+SUM(J14:M14) -> 4800000 | O14: 2712750210 | R14: 40 | BM14: XANH
A15: 11 | B15: 105216212840 | C15: 44942 | D15: KGN-23010421 | F15: 13/01/2023 | I15: LCL | J15: =(G15*$C$255)+(G15*$C$256)+(H15*$D$255+H15*$D$256)+(G15*$C$258+H15*$D$258) -> 0 | K15: =SUM(G15:I15)*250000 -> 0 | N15: =+SUM(J15:M15) -> 0 | O15: VEJA18879 | R15: 6 | BM15: VÀNG
A16: 12 | B16: 105216070740 | C16: 44942 | D16: KGN-23010419 | F16: 13/01/2023 | I16: LCL | J16: =(G16*$C$255)+(G16*$C$256)+(H16*$D$255+H16*$D$256)+(G16*$C$258+H16*$D$258) -> 0 | K16: =SUM(G16:I16)*250000 -> 0 | N16: =+SUM(J16:M16) -> 0 | O16: VEJA18885 | R16: 6 | BM16: VÀNG
A17: 13 | B17: 105216603700 | C17: 44942 | D17: KGN-23010475 | F17: 13/01/2023 | H17: 3 | I17: CMAU7849817 CXDU1822749 SEKU5794524 | J17: =(G17*$C$255)+(G17*$C$256)+(H17*$D$255+H17*$D$256)+(G17*$C$258+H17*$D$258) -> 6000000 | K17: =SUM(G17:I17)*250000 -> 750000 | N17: =+SUM(J17:M17) -> 6750000 | O17: XDQD906109 | R17: 3300 | BM17: VÀNG
A18: 14 | B18: 305298946760 | C18: 28/01/2023 | D18: KGN-23011084 | F18: 44963 | G18: 1 | I18: TWCU2149130 | J18: =(G18*$C$255)+(G18*$C$256)+(H18*$D$255+H18*$D$256)+(G18*$C$258+H18*$D$258) -> 1300000 | K18: =SUM(G18:I18)*250000 -> 250000 | L18: 300000 | N18: =+SUM(J18:M18) -> 1850000 | O18: JJS230010000253 | R18: 280 | BM18: XANH
A19: 15 | B19: 305299496300 | C19: 30/01/2023 | D19: KGN-23011083 | F19: 44963 | H19: 2 | I19: BSIU9382431 SEGU6915605 | J19: =(G19*$C$255)+(G19*$C$256)+(H19*$D$255+H19*$D$256)+(G19*$C$258+H19*$D$258) -> 4000000 | K19: =SUM(G19:I19)*250000 -> 500000 | L19: 300000 | N19: =+SUM(J19:M19) -> 4800000 | O19: 2712927350 | R19: 72 | BM19: XANH
A20: 16 | B20: 105237755010 | C20: 30/01/2023 | D20: KGN-23010991 | F20: 44963 | G20: 3 | I20: BHCU3233988 IAAU2827590 IAAU2872943 | J20: =(G20*$C$255)+(G20*$C$256)+(H20*$D$255+H20*$D$256)+(G20*$C$258+H20*$D$258) -> 3900000 | K20: =SUM(G20:I20)*250000 -> 750000 | N20: =+SUM(J20:M20) -> 4650000 | O20: A17CX12100 | R20: 3 | BM20: ĐỎ
A21: 17 | B21: 305303984920 | C21: 44928 | D21: KGN-23020023 | E21: KHAI TK + THANH LÝ | F21: 44963 | H21: 1 | I21: TRIU8095638 | J21: =(G21*$C$255)+(G21*$C$256)+(H21*$D$255+H21*$D$256)+(G21*$C$258+H21*$D$258) -> 2000000 | K21: =SUM(G21:I21)*250000 -> 250000 | L21: 300000 | N21: =+SUM(J21:M21) -> 2550000 | O21: HASLS21221201107 | R21: 28 | BM21: XANH
A22: 18 | B22: VẬN CHUYỂN NỘI ĐỊA | C22: 44932 | D22: KGN-23020104 | N22: =+SUM(J22:M22) -> 0
B23: THÁNG 02/2023
A24: 1 | B24: 105255211500 | C24: 44964 | D24: KGN-23020271 | F24: 16/02/23 | G24: AIR | N24: =+SUM(J24:M24) -> 0 | O24: 1Z6W7881D958280958 | R24: 1 | BM24: VÀNG | CP24: N
A25: =+A24+1 -> 2 | B25: 105255551550 | C25: 44964 | D25: KGN-23020272 | F25: 16/02/23 | G25: AIR | N25: =+SUM(J25:M25) -> 0 | O25: 1Z6W7881D958048147 | R25: 1 | BM25: VÀNG | CP25: N
A26: =+A25+1 -> 3 | B26: 305314148330 | C26: 44964 | D26: KGN-23020273 | F26: 16/02/23 | G26: LCL | J26: =(G26*$C$255)+(G26*$C$256)+(H26*$D$255+H26*$D$256)+(G26*$C$258+H26*$D$258) -> #VALUE! | K26: =SUM(G26:I26)*250000 -> 0 | L26: 300000 | N26: =+SUM(J26:M26) -> #VALUE! | O26: TMC23020574SIN | R26: 2 | BM26: VÀNG | CP26: X
A27: =+A26+1 -> 4 | B27: 305314199210 | C27: 44964 | D27: KGN-23020274 | F27: 16/02/23 | H27: 2 | I27: WHSU5558820 WHSU6517213 | J27: =(G27*$C$255)+(G27*$C$256)+(H27*$D$255+H27*$D$256)+(G27*$C$258+H27*$D$258) -> 4000000 | K27: =SUM(G27:I27)*250000 -> 500000 | L27: 300000 | N27: =+SUM(J27:M27) -> 4800000 | O27: 039DX02312 | R27: 72 | BM27: XANH | CP27: X
A28: =+A27+1 -> 5 | B28: 305314463660 | C28: 44964 | D28: KGN-23020278 | F28: 16/02/23 | H28: 1 | I28: HLBU2871720 | J28: =(G28*$C$255)+(G28*$C$256)+(H28*$D$255+H28*$D$256)+(G28*$C$258+H28*$D$258) -> 2000000 | K28: =SUM(G28:I28)*250000 -> 250000 | L28: 300000 | N28: =+SUM(J28:M28) -> 2550000 | O28: HLCUSGN230216610 | R28: 600 | BM28: XANH | CP28: X
A29: =+A28+1 -> 6 | B29: 305314372810 | C29: 44964 | D29: KGN-23020275 | F29: 16/02/23 | H29: 1 | I29: TEMU7812969 | J29: =(G29*$C$255)+(G29*$C$256)+(H29*$D$255+H29*$D$256)+(G29*$C$258+H29*$D$258) -> 2000000 | K29: =SUM(G29:I29)*250000 -> 250000 | L29: 300000 | N29: =+SUM(J29:M29) -> 2550000 | O29: PB2301310131 | R29: 1000 | BM29: XANH | CP29: X
A30: =+A29+1 -> 7 | B30: 305316872620 | C30: 44964 | D30: KGN-23020277 | F30: 16/02/23 | G30: 1 | I30: MSDU1699994 | J30: =(G30*$C$255)+(G30*$C$256)+(H30*$D$255+H30*$D$256)+(G30*$C$258+H30*$D$258) -> 1300000 | K30: =SUM(G30:I30)*250000 -> 250000 | L30: 300000 | N30: =+SUM(J30:M30) -> 1850000 | O30: 339LN2300145 | R30: 1104 | BM30: XANH | CP30: X
A31: =+A30+1 -> 8 | B31: 305316656100 | C31: 44965 | D31: KGN-23020308 | F31: 16/02/23 | H31: 1 | I31: CSNU6720543 | J31: =(G31*$C$255)+(G31*$C$256)+(H31*$D$255+H31*$D$256)+(G31*$C$258+H31*$D$258) -> 2000000 | K31: =SUM(G31:I31)*250000 -> 250000 | L31: 300000 | N31: =+SUM(J31:M31) -> 2550000 | O31: 2713562690 | R31: 36 | BM31: XANH | CP31: X
A32: =+A31+1 -> 9 | B32: 305316623310 | C32: 44965 | D32: KGN-23020307 | F32: 16/02/23 | H32: 1 | I32: WHSU6054232 | J32: =(G32*$C$255)+(G32*$C$256)+(H32*$D$255+H32*$D$256)+(G32*$C$258+H32*$D$258) -> 2000000 | K32: =SUM(G32:I32)*250000 -> 250000 | L32: 300000 | N32: =+SUM(J32:M32) -> 2550000 | O32: 039DX02313 | R32: 36 | BM32: XANH | CP32: X
A33: =+A32+1 -> 10 | B33: 105260265720 | C33: 44967 | D33: KGN-23020345 | F33: 16/02/23 | G33: 2 | I33: NYKU3790150 NYKU3868942 | J33: =(G33*$C$255)+(G33*$C$256)+(H33*$D$255+H33*$D$256)+(G33*$C$258+H33*$D$258) -> 2600000 | K33: =SUM(G33:I33)*250000 -> 500000 | N33: =+SUM(J33:M33) -> 3100000 | O33: ONEYPKGC65985600 | R33: 2 | BM33: ĐỎ | CP33: N
A34: =+A33+1 -> 11 | B34: 305323385530 | C34: 44967 | D34: KGN-23020568 | F34: 16/02/23 | H34: 3 | I34: TRHU4779135 TEMU7296918 NYKU5270667 | J34: =(G34*$C$255)+(G34*$C$256)+(H34*$D$255+H34*$D$256)+(G34*$C$258+H34*$D$258) -> 6000000 | K34: =SUM(G34:I34)*250000 -> 750000 | L34: 300000 | N34: =+SUM(J34:M34) -> 7050000 | O34: SGND07030700 | R34: 5500 | BM34: XANH | CP34: X
A35: =+A34+1 -> 12 | B35: 305323727940/E62 305323756900/H21 | C35: 44967 | D35: KGN-23020569 | F35: 16/02/23 | H35: 1 | I35: WHSU6347272 | J35: =(G35*$C$255)+(G35*$C$256)+(H35*$D$255+H35*$D$256)+(G35*$C$258+H35*$D$258) -> 2000000 | K35: =SUM(G35:I35)*250000 -> 250000 | L35: 300000 | N35: =+SUM(J35:M35) -> 2550000 | O35: 039DX02313 | R35: 36 | BM35: XANH | CP35: X
A36: =+A35+1 -> 13 | B36: 305326861510 | C36: 44970 | D36: KGN-23020570 | F36: 16/02/23 | G36: 1 | I36: YMLU3438714 | J36: =(G36*$C$255)+(G36*$C$256)+(H36*$D$255+H36*$D$256)+(G36*$C$258+H36*$D$258) -> 1300000 | K36: =SUM(G36:I36)*250000 -> 250000 | L36: 300000 | N36: =+SUM(J36:M36) -> 1850000 | O36: YMLUI490462827 | R36: 600 | BM36: XANH | CP36: X
A37: =+A36+1 -> 14 | B37: 305327614230 | C37: 44970 | D37: KGN-23020571 | F37: 16/02/23 | H37: 2 | I37: YMMU6314259 YMMU6578415 | J37: =(G37*$C$255)+(G37*$C$256)+(H37*$D$255+H37*$D$256)+(G37*$C$258+H37*$D$258) -> 4000000 | K37: =SUM(G37:I37)*250000 -> 500000 | L37: 300000 | N37: =+SUM(J37:M37) -> 4800000 | O37: YMLUI490462648 | R37: 68 | BM37: XANH | CP37: X
A38: =+A37+1 -> 15 | B38: 105260336160 | C38: 44971 | D38: KGN-23020346 | F38: 16/02/23 | G38: 2 | I38: FCIU6408242 FBIU0199502 | J38: =(G38*$C$255)+(G38*$C$256)+(H38*$D$255+H38*$D$256)+(G38*$C$258+H38*$D$258) -> 2600000 | K38: =SUM(G38:I38)*250000 -> 500000 | N38: =+SUM(J38:M38) -> 3100000 | O38: TLLYHCJH23025101 | R38: 1200 | BM38: VÀNG | CP38: N
A39: =+A38+1 -> 16 | B39: 305330306760 | C39: 14/02/2023 | D39: KGN-23020786 | F39: 24/02/23 | H39: 1 | I39: WHSU6578332 | J39: =(G39*$C$255)+(G39*$C$256)+(H39*$D$255+H39*$D$256)+(G39*$C$258+H39*$D$258) -> 2000000 | L39: 300000 | N39: =+SUM(J39:M39) -> 2300000 | O39: 039DX06289 | R39: 36 | BM39: XANH | CP39: X
A40: =+A39+1 -> 17 | B40: 305331839060 | C40: 15/02/2023 | D40: KGN-23020741 | F40: 24/02/23 | H40: 1 | I40: WHSU5161410 | J40: =(G40*$C$255)+(G40*$C$256)+(H40*$D$255+H40*$D$256)+(G40*$C$258+H40*$D$258) -> 2000000 | L40: 300000 | N40: =+SUM(J40:M40) -> 2300000 | O40: 039DX06289 | R40: 36 | BM40: XANH | CP40: X
A41: =+A40+1 -> 18 | B41: 305332601950/E62 305332614810/B11 | C41: 15/02/2023 | D41: KGN-23020738 | F41: 24/02/23 | H41: 1 | I41: WHSU6661914 | J41: =(G41*$C$255)+(G41*$C$256)+(H41*$D$255+H41*$D$256)+(G41*$C$258+H41*$D$258) -> 2000000 | L41: 300000 | N41: =+SUM(J41:M41) -> 2300000 | O41: 039DX06289 | R41: 34 | BM41: XANH | CP41: X
A42: =+A41+1 -> 19 | B42: 105272334900 | C42: 16/02/2023 | D42: KGN-23020634 | F42: 24/02/23 | G42: 1 | I42: REGU3268870 | J42: =(G42*$C$255)+(G42*$C$256)+(H42*$D$255+H42*$D$256)+(G42*$C$258+H42*$D$258) -> 1300000 | N42: =+SUM(J42:M42) -> 1300000 | O42: PKGCB23001257 | R42: 20 | BM42: VÀNG | CP42: N
A43: =+A42+1 -> 20 | B43: 305336634540 | C43: 16/02/2023 | D43: KGN-23020780 | F43: 24/02/23 | G43: 1 | I43: SIKU3112453 | J43: =(G43*$C$255)+(G43*$C$256)+(H43*$D$255+H43*$D$256)+(G43*$C$258+H43*$D$258) -> 1300000 | L43: 300000 | N43: =+SUM(J43:M43) -> 1600000 | O43: SUDUVICGPCAA0617 | R43: 640 | BM43: XANH | CP43: X
A44: =+A43+1 -> 21 | B44: 305334566960 | C44: 16/02/2023 | D44: KGN-23020739 | F44: 24/02/23 | G44: 1 | I44: OOLU0353561 | J44: =(G44*$C$255)+(G44*$C$256)+(H44*$D$255+H44*$D$256)+(G44*$C$258+H44*$D$258) -> 1300000 | L44: 300000 | N44: =+SUM(J44:M44) -> 1600000 | O44: 2714208250 | R44: 734 | BM44: XANH | CP44: X
A45: =+A44+1 -> 22 | B45: 305336352330 | C45: 16/02/2023 | D45: KGN-23020781 | F45: 24/02/23 | I45: SEKU9099310 SEKU9090210 | J45: 1000000 | L45: 300000 | N45: =+SUM(J45:M45) -> 1300000 | O45: JJCSGSHHNC230297 | R45: 56 | BM45: XANH | CP45: X
A46: =+A45+1 -> 23 | B46: 305336425130 | C46: 17/02/2023 | D46: KGN-23020779 | F46: 24/02/23 | G46: 1 | I46: ZIMU3142271 | J46: =(G46*$C$255)+(G46*$C$256)+(H46*$D$255+H46*$D$256)+(G46*$C$258+H46*$D$258) -> 1300000 | L46: 300000 | N46: =+SUM(J46:M46) -> 1600000 | O46: ZIMUHCM80320397 | R46: 660 | BM46: VÀNG
A47: =+A46+1 -> 24 | B47: 105272733900 | C47: 17/02/2023 | D47: KGN-23020646 | F47: 24/02/23 | G47: 1 | I47: EGHU3936721 | J47: =(G47*$C$255)+(G47*$C$256)+(H47*$D$255+H47*$D$256)+(G47*$C$258+H47*$D$258) -> 1300000 | N47: =+SUM(J47:M47) -> 1300000 | O47: EGLV070300012863 | R47: 1 | BM47: VÀNG | CP47: N
A48: =+A47+1 -> 25 | B48: 305339629950 | C48: 18/02/2023 | D48: KGN-23020990 | F48: 24/02/23 | H48: 1 | I48: TGBU8594711 | J48: =(G48*$C$255)+(G48*$C$256)+(H48*$D$255+H48*$D$256)+(G48*$C$258+H48*$D$258) -> 2000000 | L48: 300000 | N48: =+SUM(J48:M48) -> 2300000 | O48: 2714057410 | R48: 1080 | BM48: XANH | CP48: X
A49: =+A48+1 -> 26 | B49: 305341861810 | C49: 44977 | D49: KGN-23020991 | F49: 24/02/23 | H49: 1 | I49: FFAU1386565 | J49: =(G49*$C$255)+(G49*$C$256)+(H49*$D$255+H49*$D$256)+(G49*$C$258+H49*$D$258) -> 2000000 | L49: 300000 | N49: =+SUM(J49:M49) -> 2300000 | O49: YMLUI490463482 | R49: 34 | BM49: XANH | CP49: X
A50: =+A49+1 -> 27 | B50: 105276566400 | C50: 44978 | D50: KGN-23020988 | F50: 24/02/23 | G50: 4 | I50: MRSU0082094 PONU0281900 MSKU4457876 MSKU3850030 | J50: =(G50*$C$255)+(G50*$C$256)+(H50*$D$255+H50*$D$256)+(G50*$C$258+H50*$D$258) -> 5200000 | N50: =+SUM(J50:M50) -> 5200000 | O50: 225007328 | R50: 4 | BM50: ĐỎ | CP50: N
A51: =+A50+1 -> 28 | B51: 105280989330 | C51: 44978 | D51: KGN-23020989 | F51: 24/02/23 | G51: 2 | I51: BSIU2798094 NYKU9787637 | J51: =(G51*$C$255)+(G51*$C$256)+(H51*$D$255+H51*$D$256)+(G51*$C$258+H51*$D$258) -> 2600000 | N51: =+SUM(J51:M51) -> 2600000 | O51: ONEYPKGD01188600 | R51: 2 | BM51: VÀNG | CP51: N
A52: =+A51+1 -> 29 | B52: 305345280460 | C52: 44978 | D52: KGN-23020994 | F52: 24/02/23 | G52: 1 | I52: EITU3171633 | J52: =(G52*$C$255)+(G52*$C$256)+(H52*$D$255+H52*$D$256)+(G52*$C$258+H52*$D$258) -> 1300000 | L52: 300000 | N52: =+SUM(J52:M52) -> 1600000 | O52: 235300159613 | R52: 640 | BM52: XANH | CP52: X
A53: =+A52+1 -> 30 | B53: 305344838540 | C53: 44978 | D53: KGN-23020997 | F53: 24/02/23 | H53: 1 | I53: FFAU4016672 | J53: =(G53*$C$255)+(G53*$C$256)+(H53*$D$255+H53*$D$256)+(G53*$C$258+H53*$D$258) -> 2000000 | L53: 300000 | N53: =+SUM(J53:M53) -> 2300000 | O53: BSGNC23002219 | R53: 1000 | BM53: XANH | CP53: X
A54: =+A53+1 -> 31 | B54: 105283295130 | C54: 44979 | D54: KGN-23020967 | F54: 24/02/23 | G54: 1 | I54: SEGU3400479 | J54: =(G54*$C$255)+(G54*$C$256)+(H54*$D$255+H54*$D$256)+(G54*$C$258+H54*$D$258) -> 1300000 | N54: =+SUM(J54:M54) -> 1300000 | O54: BLWCB23000097 | R54: 500 | BM54: VÀNG | CP54: N
A55: =+A54+1 -> 32 | B55: 305348121060 | C55: 44979 | D55: KGN-23021188 | F55: 24/02/23 | G55: 1 | I55: HLBU2934921 | J55: =(G55*$C$255)+(G55*$C$256)+(H55*$D$255+H55*$D$256)+(G55*$C$258+H55*$D$258) -> 1300000 | L55: 300000 | N55: =+SUM(J55:M55) -> 1600000 | O55: 25363998 | R55: 640 | BM55: XANH | CP55: X
A56: =+A55+1 -> 33 | B56: 305350027160 | C56: 44980 | D56: KGN-23021189 | F56: 24/02/23 | H56: 1 | I56: WHSU6451203 | J56: =(G56*$C$255)+(G56*$C$256)+(H56*$D$255+H56*$D$256)+(G56*$C$258+H56*$D$258) -> 2000000 | L56: 300000 | N56: =+SUM(J56:M56) -> 2300000 | O56: 039DX08546 | R56: 1120 | BM56: XANH | CP56: X
A57: =+A56+1 -> 34 | B57: 305350095430 | C57: 44980 | D57: KGN-23021190 | F57: 24/02/23 | H57: 1 | I57: WHSU6245331 | J57: =(G57*$C$255)+(G57*$C$256)+(H57*$D$255+H57*$D$256)+(G57*$C$258+H57*$D$258) -> 2000000 | L57: 300000 | N57: =+SUM(J57:M57) -> 2300000 | O57: 039DX10074 | R57: 17 | BM57: XANH | CP57: X
A58: =+A57+1 -> 35 | B58: 105283308100 | C58: 44980 | D58: KGN-23020987 | F58: 24/02/23 | G58: 1 | I58: EISU3970488 | J58: =(G58*$C$255)+(G58*$C$256)+(H58*$D$255+H58*$D$256)+(G58*$C$258+H58*$D$258) -> 1300000 | N58: =+SUM(J58:M58) -> 1300000 | O58: EGLV091330046611 | R58: 1 | BM58: VÀNG | CP58: N
A59: =+A58+1 -> 36 | B59: 305352978950 | C59: 44981 | D59: KGN-23021191 | F59: 24/02/23 | G59: 1 | I59: NSSU0072078 | J59: =(G59*$C$255)+(G59*$C$256)+(H59*$D$255+H59*$D$256)+(G59*$C$258+H59*$D$258) -> 1300000 | L59: 300000 | N59: =+SUM(J59:M59) -> 1600000 | O59: SGN23B01084 | R59: 8 | BM59: XANH | CP59: X
A60: 37 | B60: 305361003860 | C60: 44985 | D60: KGN-23021193 | F60: 24/02/23 | H60: 3 | I60: WHSU6615647 WHSU5713989 | J60: =(G60*$C$255)+(G60*$C$256)+(H60*$D$255+H60*$D$256)+(G60*$C$258+H60*$D$258) -> 6000000 | L60: 300000 | N60: =+SUM(J60:M60) -> 6300000 | O60: 039DX08344 | BM60: XANH | CP60: X
A61: 38 | B61: 305363949240 | C61: 44986 | D61: KGN-23030166 | F61: 24/02/23 | BM61: XANH | CP61: X
B62: THÁNG 03/2023
A63: 1 | B63: 305365933260 | C63: 44929 | D63: KGN-23030168 | F63: 18/03/23 | H63: 1 | I63: WHSU5481760 | K63: =SUM(G63:I63)*250000 -> 250000 | L63: 300000 | N63: =+SUM(K63:M63) -> 550000 | O63: 039DX08344 | BM63: XANH | CP63: X
A64: 2 | B64: 305367883940 | C64: 44960 | D64: KGN-23030167 | F64: 18/03/23 | I64: LCL | K64: 300000 | L64: 300000 | N64: =+SUM(K64:M64) -> 600000 | O64: VUTHAM136993V | BM64: XANH | CP64: X
A65: 3 | B65: 305372301310 | C65: 44988 | D65: KGN-23030170 | F65: 18/03/23 | H65: 1 | I65: MRSU4201951 | K65: =SUM(G65:I65)*250000 -> 250000 | L65: 300000 | N65: =+SUM(K65:M65) -> 550000 | O65: 914868662 | BM65: XANH | CP65: X
A66: 4 | B66: 305373272430 | C66: 45019 | D66: KGN-23030169 | F66: 18/03/23 | H66: 1 | I66: TRHU8093837 | K66: =SUM(G66:I66)*250000 -> 250000 | L66: 300000 | N66: =+SUM(K66:M66) -> 550000 | O66: CULVSGN2301062 | BM66: XANH | CP66: X
A67: 5 | B67: 305374899930 | C67: 45080 | D67: KGN-23030448 | F67: 18/03/23 | G67: 1 | I67: CULU1937846 | K67: =SUM(G67:I67)*250000 -> 250000 | N67: =+SUM(K67:M67) -> 250000 | O67: CULVSGN2301281 | BM67: XANH | CP67: X
A68: 6 | B68: 305374354630 | C68: 45080 | D68: KGN-23030449 | F68: 18/03/23 | G68: 1 | I68: TGBU3765977 | K68: =SUM(G68:I68)*250000 -> 250000 | L68: 300000 | N68: =+SUM(K68:M68) -> 550000 | O68: BSGNC23003421 | BM68: XANH | CP68: X
A69: 7 | B69: 305377524600 | C69: 45110 | D69: KGN-23030447 | F69: 18/03/23 | I69: LCL | K69: 300000 | N69: =+SUM(K69:M69) -> 300000 | O69: GSGNHKGB300502 | BM69: XANH | CP69: X
A70: 8 | B70: 305379624820 | C70: 45141 | D70: KGN-23030445 | F70: 18/03/23 | H70: 2 | I70: WHSU5627200 WHSU6452642 | K70: =SUM(G70:I70)*250000 -> 500000 | L70: 300000 | N70: =+SUM(K70:M70) -> 800000 | O70: 039DX08349 | BM70: XANH | CP70: X
A71: 9 | B71: 305379936430 | C71: 45141 | D71: KGN-23030446 | F71: 18/03/23 | H71: 1 | I71: SIKU3112453 | K71: =SUM(G71:I71)*250000 -> 250000 | L71: 300000 | N71: =+SUM(K71:M71) -> 550000 | O71: SUDUVICGPCAA0617 | BM71: XANH | CP71: X
A72: 10 | B72: 305387599810 | C72: 45233 | D72: KGN-23030588 | F72: 18/03/23 | H72: 1 | I72: BEAU5802243 | K72: =SUM(G72:I72)*250000 -> 250000 | L72: 300000 | N72: =+SUM(K72:M72) -> 550000 | O72: 7884674190 | BM72: XANH | CP72: X
A73: 11 | B73: 305389726740 | C73: 13/03/2023 | D73: KGN-23030955 | F73: 18/03/23 | I73: LCL | K73: =SUM(G73:I73)*250000 -> 0 | L73: 300000 | N73: =+SUM(K73:M73) -> 300000 | O73: T2303871 | BM73: XANH | CP73: X
A74: 12 | B74: 305389361120 | C74: 13/03/2023 | D74: KGN-23030956 | F74: 18/03/23 | G74: 1 | I74: TWCU2128142 | K74: =SUM(G74:I74)*250000 -> 250000 | L74: 300000 | N74: =+SUM(K74:M74) -> 550000 | O74: JJS230010001525 | BM74: XANH | CP74: X
A75: 13 | B75: 305393989630 | C75: 15/03/2023 | D75: KGN-23030957 | F75: 18/03/23 | G75: 1 | I75: TLLU2648581 | K75: =SUM(G75:I75)*250000 -> 250000 | L75: 300000 | N75: =+SUM(K75:M75) -> 550000 | O75: 2715369310 | BM75: XANH | CP75: X
A76: 14 | B76: 305395842200 | C76: 15/03/2023 | D76: KGN-23030962 | F76: 18/03/23 | H76: 1 | I76: MSMU6606497 | K76: =SUM(G76:I76)*250000 -> 250000 | L76: 300000 | N76: =+SUM(K76:M76) -> 550000 | O76: 339LN2300321 | BM76: XANH | CP76: X
A77: 15 | B77: 305396692810 | C77: 16/03/2023 | D77: KGN-23031053 | F77: 18/03/23 | G77: 1 | I77: TGBU3709227 | K77: =SUM(G77:I77)*250000 -> 250000 | L77: 300000 | N77: =+SUM(K77:M77) -> 550000 | O77: BSGNC23003423 | BM77: XANH | CP77: X
A78: 16 | B78: 305399146160 | C78: 17/03/2023 | D78: KGN-23031071 | F78: 18/03/23 | H78: 1 | I78: MRSU4346657 | K78: =SUM(G78:I78)*250000 -> 250000 | L78: 300000 | N78: =+SUM(K78:M78) -> 550000 | O78: 225859755 | BM78: XANH | CP78: X
A79: 17 | B79: 105302519450 | C79: 44987 | D79: KGN-23021310 | F79: Không ứng | G79: 4 | I79: EGHU3823453 EISU2138869 EISU2274119 TCLU7575113 | J79: =(G79*$C$255)+(G79*$C$256)+(H79*$D$255+H79*$D$256)+(G79*$C$258+H79*$D$258) -> 5200000 | K79: =SUM(G79:I79)*250000 -> 1000000 | N79: =+SUM(J79:M79) -> 6200000 | O79: EGLV091330052203 | BM79: VÀNG | CP79: N
A80: 18 | B80: 105317932640 | C80: 44994 | D80: KGN-23030310 | F80: 18/03/23 | G80: 1 | I80: EISU2060420 | J80: =(G80*$C$255)+(G80*$C$256)+(H80*$D$255+H80*$D$256)+(G80*$C$258+H80*$D$258) -> 1300000 | K80: =SUM(G80:I80)*250000 -> 250000 | N80: =+SUM(J80:M80) -> 1550000 | O80: EGLV091330065313 | BM80: VÀNG | CP80: N
A81: 19 | B81: 105316006240 | C81: 44996 | D81: KGN-23030311 | F81: 18/03/23 | G81: 2 | I81: TGBU3532384 TGBU3696963 | J81: =(G81*$C$255)+(G81*$C$256)+(H81*$D$255+H81*$D$256)+(G81*$C$258+H81*$D$258) -> 2600000 | K81: =SUM(G81:I81)*250000 -> 500000 | N81: =+SUM(J81:M81) -> 3100000 | O81: 780310000906 | BM81: VÀNG | CP81: N
A82: 20 | B82: 105320610250 | C82: 44998 | D82: KGN-23030512 | F82: 18/03/23 | G82: 3 | I82: TCLU2402265 MRSU0230102 MSKU7325702 | J82: =(G82*$C$255)+(G82*$C$256)+(H82*$D$255+H82*$D$256)+(G82*$C$258+H82*$D$258) -> 3900000 | K82: =SUM(G82:I82)*250000 -> 750000 | N82: =+SUM(J82:M82) -> 4650000 | O82: 225083189 | BM82: ĐỎ | CP82: N
A83: 21 | B83: 105322741160 | C83: 44998 | D83: KGN-23030582 | F83: 18/03/23 | G83: 3 | I83: SITU2843948 FTAU1227107 GAOU2069244 | J83: =(G83*$C$255)+(G83*$C$256)+(H83*$D$255+H83*$D$256)+(G83*$C$258+H83*$D$258) -> 3900000 | K83: =SUM(G83:I83)*250000 -> 750000 | N83: =+SUM(J83:M83) -> 4650000 | O83: SITAUSG2300297 | BM83: ĐỎ | CP83: N
A84: 22 | B84: 105322883150 | C84: 44998 | D84: KGN-23030953 | F84: 18/03/23 | G84: 1 | I84: SITU2780161 | J84: =(G84*$C$255)+(G84*$C$256)+(H84*$D$255+H84*$D$256)+(G84*$C$258+H84*$D$258) -> 1300000 | K84: =SUM(G84:I84)*250000 -> 250000 | N84: =+SUM(J84:M84) -> 1550000 | O84: SITGBWSG001125 | BM84: VÀNG | CP84: N
A85: 23 | B85: 105322976030 | C85: 44999 | D85: KGN-23030575 | F85: 18/03/23 | G85: 2 | I85: UETU2547766 TLLU2656400 | J85: =(G85*$C$255)+(G85*$C$256)+(H85*$D$255+H85*$D$256)+(G85*$C$258+H85*$D$258) -> 2600000 | K85: =SUM(G85:I85)*250000 -> 500000 | N85: =+SUM(J85:M85) -> 3100000 | O85: OOLU8893074980 | BM85: VÀNG | CP85: N
A86: 24 | B86: 105327455920 | C86: 44999 | D86: KGN-23030954 | F86: 18/03/23 | G86: 1 | I86: SITU2770055 | J86: =(G86*$C$255)+(G86*$C$256)+(H86*$D$255+H86*$D$256)+(G86*$C$258+H86*$D$258) -> 1300000 | K86: =SUM(G86:I86)*250000 -> 250000 | N86: =+SUM(J86:M86) -> 1550000 | O86: SITWPSG2300499 | BM86: VÀNG | CP86: N
A87: 1 | B87: 305409483650 | C87: 22/03/2023 | D87: KGN-23031452 | F87: 27/03/23 | H87: 1 | I87: EGHU8277490 | K87: =SUM(G87:I87)*500000 -> 500000 | L87: 300000 | N87: =+SUM(J87:M87) -> 800000 | O87: 235300290183
A88: 2 | B88: 305409879630 | C88: 22/03/2023 | D88: KGN-23031451 | F88: 27/03/23 | H88: 1 | I88: EITU9322260 | K88: =SUM(G88:I88)*500000 -> 500000 | L88: 300000 | N88: =+SUM(J88:M88) -> 800000 | O88: 235300290183
A89: 3 | B89: 305409469430 | C89: 22/03/2023 | D89: KGN-23031453 | F89: 27/03/23 | G89: 1 | I89: PCIU0154032 | K89: =SUM(G89:I89)*500000 -> 500000 | L89: 300000 | N89: =+SUM(J89:M89) -> 800000 | O89: SGN300238700
A90: 4 | B90: 305409934450 | C90: 22/03/2023 | D90: KGN-23031450 | F90: 27/03/23 | H90: 1 | I90: OOCU8362141 | K90: =SUM(G90:I90)*500000 -> 500000 | L90: 300000 | N90: =+SUM(J90:M90) -> 800000 | O90: 2716120860
A91: 5 | B91: 305410155800 | C91: 22/03/2023 | D91: KGN-23031449 | F91: 27/03/23 | H91: 1 | I91: OOCU7376454 | K91: =SUM(G91:I91)*500000 -> 500000 | L91: 300000 | N91: =+SUM(J91:M91) -> 800000 | O91: 2716117760
A92: 6 | B92: 305412652920 | C92: 23/03/2023 | D92: KGN-23031454 | F92: 27/03/23 | H92: 1 | I92: FESU5343367 | K92: =SUM(G92:I92)*500000 -> 500000 | L92: 300000 | N92: =+SUM(J92:M92) -> 800000 | O92: PB2303140216
A93: 7 | B93: 305412112740/E62 305412179460/B11 | C93: 23/03/2023 | D93: KGN-23031455 | F93: 27/03/23 | H93: 1 | I93: WHSU6579935 | K93: =SUM(G93:I93)*500000 -> 500000 | L93: 300000 | N93: =+SUM(J93:M93) -> 800000 | O93: 039DX15726
A94: 8 | B94: 305415453840 | C94: 24/03/2023 | D94: KGN-23031448 | F94: 27/03/23 | H94: 1 | I94: YMMU6501990 | K94: =SUM(G94:I94)*500000 -> 500000 | L94: 300000 | N94: =+SUM(J94:M94) -> 800000 | O94: YMLUZ490311127
A95: 9 | B95: 305418719820 | C95: 25/03/2023 | D95: KGN-23031500 | F95: 27/03/23 | H95: 1 | I95: TRHU7371487 | K95: =SUM(G95:I95)*500000 -> 500000 | L95: 300000 | N95: =+SUM(J95:M95) -> 800000 | O95: 235300266738
A96: 10 | B96: 305418643850 | C96: 25/03/2023 | D96: KGN-23031501 | F96: 27/03/23 | G96: 1 | I96: MEDU5616183 | K96: =SUM(G96:I96)*500000 -> 500000 | L96: 300000 | N96: =+SUM(J96:M96) -> 800000 | O96: EBKG05248089
A97: 11 | B97: 305418499430 | C97: 25/03/2023 | D97: KGN-23031502 | F97: 27/03/23 | G97: 1 | I97: YMMU1176033 | K97: =SUM(G97:I97)*500000 -> 500000 | L97: 300000 | N97: =+SUM(J97:M97) -> 800000 | O97: YMLUI490466822
A98: 12 | B98: 105338133240 | C98: 20/03/2023 | D98: KGN-23031051 | F98: 27/03/23 | G98: 3 | I98: MRKU7449620 MRKU9117096 TTNU1028989 | J98: =(G98*$C$255)+(H98*$D$255) -> 1950000 | K98: =SUM(G98:I98)*500000 -> 1500000 | N98: =+SUM(J98:M98) -> 3450000 | O98: 225269722
A99: 13 | B99: 105338142340 | C99: 20/03/2023 | D99: KGN-23031050 | F99: 27/03/23 | G99: 1 | I99: MRKU7229630 | J99: =(G99*$C$255)+(H99*$D$255) -> 650000 | K99: =SUM(G99:I99)*500000 -> 500000 | N99: =+SUM(J99:M99) -> 1150000 | O99: 225711427
A100: 14 | B100: 105338148310 | C100: 21/03/2023 | D100: KGN-23031049 | F100: 27/03/23 | G100: 2 | I100: FCIU6409505 FCIU5577741 | J100: =(G100*$C$255)+(H100*$D$255) -> 1300000 | K100: =SUM(G100:I100)*500000 -> 1000000 | N100: =+SUM(J100:M100) -> 2300000 | O100: TLLYHCJR23035103
A101: 15 | B101: 105341336660 | C101: 21/03/2023 | D101: KGN-23031052 | F101: 27/03/23 | G101: 1 | I101: TCKU1547631 | J101: =(G101*$C$255)+(H101*$D$255) -> 650000 | K101: =SUM(G101:I101)*500000 -> 500000 | N101: =+SUM(J101:M101) -> 1150000 | O101: A56DX05641
...

Sheet FOLIOT
B1: THEO DÕI HÀNG HÓA TẠM ỨNG, THANH TOÁN, ĐIỀU XE 2023 - FOLIOT
C2: Chi phí làm hàng
A3: SỐ ISO | B3: STT | C3: TKHQ | D3: NGÀY TKHQ | E3: TẠO JOB | F3: SELLING + OBH PENDING | G3: Ngày tạm ứmg | H3: X/N | I3: MỨC | J3: 20' | K3: 40' | L3: LCL | M3: LUỒNG | N3: Nâng/hạ/ CSHT | O3: Chi phí làm hàng | P3: LCC/ CO | Q3: Estimate tạm ứng | R3: Số kiện | S3: G.W (KGS) | T3: Tên hàng | U3: Số Bill/ Booking | V3: Ngày ETA/ Cut off | W3: CẢNG | X3: Dest | Y3: Số cont/ seal | Z3: Ngày giao/Xếp hàng | AA3: PHÍ NÂNG | AB3: PHÍ HẠ | AC3: PHÍ CHỨNG TỪ (TM) | AD3: PHÍ CHỨNG TỪ (ST CK) | AE3: Phí khai hquan | AF3: Phí vận chuyển | AG3: PHÍ KHÁC | AH3: TỔNG CHI HỘ (CASH) | AI3: TỔNG CHI HỘ (ST CK) | AJ3: GHI CHÚ PHÁT SINH | AK3: PHÍ DỊCH VỤ GN | AL3: DT BẢNG KÊ (GỒM VAT) | AM3: GIAO BẢNG KÊ | AN3: CƯỢC CONT | AO3: TẠM THU HÃNG TÀU/ SỬA CHỮA CONT | AP3: CHUYỂN CƯỢC | AQ3: GHI CHÚ | AR3: PHÍ CƯỢC
B4: 1 | C4: 305287582630 | D4: 14/01/2023 | E4: KGN-23010735 | F4: Ms. Thẩm | H4: X | K4: 1 | U4: ZIMUHCM80317138 | Y4: GAOU6109936 | AG4: =+(1200000+(18-10)*40000) -> 1520000 | AH4: =+AA4+AB4+AC4 -> 0 | AI4: =+AD4 -> 0 | AK4: =(AE4+AF4+AG4)*1.1 -> 1672000 | AL4: =+AK4+AI4+AH4 -> 1672000 | AT4: 1672000
B5: 2 | C5: 305291802930 | D5: 16/01/2023 | E5: KGN-23010807 | F5: Ms. Thẩm | H5: X | K5: 1 | U5: 2712210591 | Y5: TCNU3880944 | AA5: =1227273*1.1 -> 1350000.3 | AB5: =959091*1.1 -> 1055000.1 | AE5: 900000 | AF5: 3580000 | AH5: =+AA5+AB5+AC5 -> 2405000.4 | AI5: =+AD5 -> 0 | AK5: =(AE5+AF5+AG5)*1.1 -> 4928000 | AL5: =+AK5+AI5+AH5 -> 7333000.4 | AM5: =+AA5+AB5 -> 2405000.4 | AT5: 4928000
B6: 3 | C6: 305320724500 | D6: 44966 | E6: KGN-23020573 | G6: 16/02/2023 | H6: X | K6: 1 | U6: ZIMUHCM80319515 | Y6: JZPU8023588 | AA6: =836364*1.1 -> 920000.4 | AB6: =645000*1.1 -> 709500 | AE6: 900000 | AF6: 3580000 | AG6: =+(1200000+(21-10)*40000) -> 1640000 | AH6: =+AA6+AB6+AC6 -> 1629500.4 | AI6: =+AD6 -> 0 | AK6: =(AE6+AF6+AG6)*1.1 -> 6732000 | AL6: =+AK6+AI6+AH6 -> 8361500.4 | AM6: =+AA6+AB6 -> 1629500.4 | AT6: 6732000
B7: 4 | C7: 305320811630 | D7: 44966 | E7: KGN-23020574 | G7: 16/02/2023 | H7: X | J7: 1 | U7: ZIMUHCM80319516 | Y7: ZIMU1379156 | AA7: =790909*1.1 -> 869999.9 | AB7: =365000*1.1 -> 401500 | AE7: 900000 | AF7: 3380000 | AG7: 1200000 | AH7: =+AA7+AB7+AC7 -> 1271499.9 | AI7: =+AD7 -> 0 | AK7: =(AE7+AF7+AG7)*1.1 -> 6028000 | AL7: =+AK7+AI7+AH7 -> 7299499.9 | AM7: =+AA7+AB7 -> 1271499.9 | AT7: 6028000
A8: THÁNG 03/2023 | AH8: =SUM(AH4:AH7) -> 5306000.7 | AI8: =SUM(AI2:AI7) -> 0 | AK8: =SUM(AK4:AK7) -> 19360000 | AL8: =+AH8+AI8+AK8 -> 24666001
B9: 1 | C9: 305372133640 305372110060 | D9: 44988 | E9: KGN-23031096 | G9: 18/03/23 | H9: X | K9: 1 | M9: VÀNG | U9: 11349535 | Y9: HLBU2080083 | AA9: =840000*1.1 -> 924000 | AB9: =954545*1.1 -> 1049999.5 | AE9: =900000+300000 -> 1200000 | AF9: 3580000 | AH9: =+AA9+AB9+AC9 -> 1973999.5 | AI9: =+AD9 -> 0 | AJ9: 2 TK | AK9: =(AE9+AF9+AG9)*1.1 -> 5258000 | AL9: =+AK9+AI9+AH9 -> 7231999.5 | AM9: =+AA9+AB9 -> 1973999.5
B10: 2 | C10: 305376039750 305376026120 | D10: 44991 | E10: KGN-23031097 | G10: 18/03/23 | H10: X | K10: 1 | M10: XANH | U10: 11349535 | Y10: HLXU8471190 | AA10: =840000*1.1 -> 924000 | AB10: =954545*1.1 -> 1049999.5 | AE10: =900000+300000 -> 1200000 | AF10: 3580000 | AH10: =+AA10+AB10+AC10 -> 1973999.5 | AI10: =+AD10 -> 0 | AJ10: 2 TK | AK10: =(AE10+AF10+AG10)*1.1 -> 5258000 | AL10: =+AK10+AI10+AH10 -> 7231999.5 | AM10: =+AA10+AB10 -> 1973999.5
B11: 3 | C11: 305378247330 | D11: 44992 | E11: KGN-23031098 | G11: 18/03/23 | H11: X | K11: 1 | M11: XANH | U11: 8035233140 | Y11: BSIU9355605 | AA11: =1227273*1.1 -> 1350000.3 | AB11: =954545*1.1 -> 1049999.5 | AE11: 900000 | AF11: 3580000 | AH11: =+AA11+AB11+AC11 -> 2399999.8 | AI11: =+AD11 -> 0 | AK11: =(AE11+AF11+AG11)*1.1 -> 4928000 | AL11: =+AK11+AI11+AH11 -> 7327999.8 | AM11: =+AA11+AB11 -> 2399999.8
B12: 4 | C12: 305381304450 | D12: 44993 | E12: KGN-23031099 | G12: 18/03/23 | H12: X | K12: 1 | M12: VÀNG | U12: AHA0259892 | Y12: CMAU8210121 | AA12: =1227273*1.1 -> 1350000.3 | AB12: =954545*1.1 -> 1049999.5 | AE12: 900000 | AF12: 3580000 | AG12: =+(1200000+(14-10)*40000) -> 1360000 | AH12: =+AA12+AB12+AC12 -> 2399999.8 | AI12: =+AD12 -> 0 | AJ12: C/O AANZ | AK12: =(AE12+AF12+AG12)*1.1 -> 6424000 | AL12: =+AK12+AI12+AH12 -> 8823999.8 | AM12: =+AA12+AB12 -> 2399999.8
B13: 5 | C13: 105325974830 | D13: 13/03/2023 | E13: KGN-23031285 | G13: Không ứng | H13: N | M13: ĐỎ | U13: 132300019676513 | AE13: 900000 | AG13: 1500000 | AH13: =+AA13+AB13+AC13 -> 0 | AI13: =+AD13 -> 0 | AJ13: CHI MIỄN KIỂM, KHAI TK K VC | AK13: =(AE13+AF13+AG13)*1.1 -> 2640000 | AL13: =+AK13+AI13+AH13 -> 2640000
B14: 6 | C14: 105324562930 | D14: 13/03/2023 | E14: KGN-23031286 | G14: Không ứng | H14: N | M14: VÀNG | U14: M2418751041 | AE14: 900000 | AH14: =+AA14+AB14+AC14 -> 0 | AI14: =+AD14 -> 0 | AJ14: KHAI TK K VC | AK14: =(AE14+AF14+AG14)*1.1 -> 990000 | AL14: =+AK14+AI14+AH14 -> 990000
A15: THÁNG 04/2023 | AH15: =SUM(AH9:AH14) -> 8747998.6 | AI15: =SUM(AI9:AI14) -> 0 | AK15: =SUM(AK9:AK14) -> 25498000 | AL15: =+AH15+AI15+AK15 -> 34245999
B16: 1 | C16: 105377855700 | D16: 07/04/2023 | E16: KGN-23040598 | G16: 13/04/23 | H16: N | M16: ĐỎ | U16: 132300020351328 | AE16: 900000 | AH16: =+AA16+AB16+AC16 -> 0 | AI16: =+AD16 -> 0 | AJ16: KHAI TK K VC | AK16: =(AE16+AF16+AG16)*1.1 -> 990000 | AL16: =+AK16+AI16+AH16 -> 990000 | AR16: 100000
B17: 2 | C17: 105382774450 | D17: 08/04/2023 | E17: KGN-23040527 | G17: 13/04/23 | H17: N | L17: AIR | M17: XANH | U17: HMTL028371 | AE17: 900000 | AH17: =+AA17+AB17+AC17 -> 0 | AI17: =+AD17 -> 0 | AJ17: KHAI TK K VC | AK17: =(AE17+AF17+AG17)*1.1 -> 990000 | AL17: =+AK17+AI17+AH17 -> 990000 | AR17: 100000
B18: 3 | C18: 305433920320 | D18: 31/03/2023 | E18: KGN-23040649 | G18: 13/04/23 | H18: X | L18: AIR | M18: XANH | AE18: 900000 | AH18: =+AA18+AB18+AC18 -> 0 | AI18: =+AD18 -> 0 | AJ18: KHAI TK K VC | AK18: =(AE18+AF18+AG18)*1.1 -> 990000 | AL18: =+AK18+AI18+AH18 -> 990000 | AR18: 100000
B19: 4 | C19: 305440475930 305440459500 | D19: 04/04/2023 | E19: KGN-23040171 | G19: 13/04/23 | H19: X | K19: 1 | M19: XANH | U19: YMLUE490365834 | Y19: TGBU5547383 | AA19: 1450000 | AB19: 709500 | AE19: =900000+300000 -> 1200000 | AF19: 3580000 | AH19: =+AA19+AB19+AC19 -> 2159500 | AI19: =+AD19 -> 0 | AK19: =(AE19+AF19+AG19)*1.1 -> 5258000 | AL19: =+AK19+AI19+AH19 -> 7417500 | AM19: =+AA19+AB19 -> 2159500 | AR19: 200000
B20: 5 | C20: 305453199610 | D20: 10/04/2023 | E20: KGN-23040503 | G20: 13/04/23 | H20: X | K20: 1 | M20: XANH | U20: 235300348459 | Y20: EGHU8345260 | AA20: 1350000 | AB20: 1050000 | AE20: 900000 | AF20: 3580000 | AH20: =+AA20+AB20+AC20 -> 2400000 | AI20: =+AD20 -> 0 | AK20: =(AE20+AF20+AG20)*1.1 -> 4928000 | AL20: =+AK20+AI20+AH20 -> 7328000 | AM20: =+AA20+AB20 -> 2400000 | AR20: 200000
B21: 6 | C21: 305455469340 | D21: 11/04/2023 | E21: KGN-23040597 | G21: 13/04/23 | H21: X | K21: 1 | M21: XANH | U21: YMLUE490365835 | Y21: YMMU6115658 | AA21: 1450000 | AB21: 1055000 | AE21: 900000 | AF21: 3580000 | AH21: =+AA21+AB21+AC21 -> 2505000 | AI21: =+AD21 -> 0 | AK21: =(AE21+AF21+AG21)*1.1 -> 4928000 | AL21: =+AK21+AI21+AH21 -> 7433000 | AM21: =+AA21+AB21 -> 2505000 | AR21: 200000
B22: 7 | C22: 305458536630 | D22: 45028 | E22: KGN-23040650 | G22: 25/04/23 | H22: X | K22: 1 | M22: XANH | U22: YMLUE490365835 | Y22: TCNU1984580 | AA22: 1450000 | AB22: 2110000 | AE22: 900000 | AF22: 3580000 | AH22: =+AA22+AB22+AC22 -> 3560000 | AI22: =+AD22 -> 0 | AK22: =(AE22+AF22+AG22)*1.1 -> 4928000 | AL22: =+AK22+AI22+AH22 -> 8488000 | AM22: =+AA22+AB22 -> 3560000 | AR22: 200000
B23: 8 | C23: 305458698440 305458713360 | D23: 45028 | E23: KGN-23040651 | G23: 25/04/23 | H23: X | K23: 1 | M23: VÀNG | U23: YMLUE490365835 | Y23: TEMU7681811 | AA23: 1450000 | AE23: =900000+300000 -> 1200000 | AF23: 3580000 | AH23: =+AA23+AB23+AC23 -> 1450000 | AI23: =+AD23 -> 0 | AK23: =(AE23+AF23+AG23)*1.1 -> 5258000 | AL23: =+AK23+AI23+AH23 -> 6708000 | AM23: =+AA23 -> 1450000 | AR23: 200000
B24: 9 | C24: 305464268340 | D24: 14/04/2023 | E24: KGN-23040877 | G24: 25/04/23 | H24: X | K24: 1 | M24: XANH | U24: 2716792970 | Y24: TEMU6468930 | AA24: 1200000 | AB24: 4220000 | AE24: 900000 | AF24: 3580000 | AH24: =+AA24+AB24+AC24 -> 5420000 | AI24: =+AD24 -> 0 | AK24: =(AE24+AF24+AG24)*1.1 -> 4928000 | AL24: =+AK24+AI24+AH24 -> 10348000 | AM24: =+AA24+AB24 -> 5420000 | AR24: 200000
B25: 10 | C25: 305464358310 | D25: 14/04/2023 | E25: KGN-23040876 | G25: 25/04/23 | H25: X | K25: 1 | M25: XANH | U25: 2716792970 | Y25: OOCU8763340 | AA25: 1200000 | AE25: 900000 | AF25: 3580000 | AH25: =+AA25+AB25+AC25 -> 1200000 | AI25: =+AD25 -> 0 | AK25: =(AE25+AF25+AG25)*1.1 -> 4928000 | AL25: =+AK25+AI25+AH25 -> 6128000 | AM25: =+AA25+AB25 -> 1200000 | AR25: 200000
B26: 11 | C26: 305466217030 | D26: 15/04/2023 | E26: KGN-23040875 | G26: 25/04/23 | H26: X | K26: 1 | M26: XANH | U26: 2716792970 | Y26: CBHU9168954 | AA26: 1200000 | AE26: 900000 | AF26: 3580000 | AH26: =+AA26+AB26+AC26 -> 1200000 | AI26: =+AD26 -> 0 | AK26: =(AE26+AF26+AG26)*1.1 -> 4928000 | AL26: =+AK26+AI26+AH26 -> 6128000 | AM26: =+AA26+AB26 -> 1200000 | AR26: 200000
B27: 12 | C27: 305469653810 | D27: 17/04/2023 | E27: KGN-23040968 | G27: 25/04/23 | H27: X | K27: 1 | M27: XANH | U27: 2716792970 | Y27: OOCU6527962 | AA27: 1200000 | AE27: 900000 | AF27: 3580000 | AH27: =+AA27+AB27+AC27 -> 1200000 | AI27: =+AD27 -> 0 | AK27: =(AE27+AF27+AG27)*1.1 -> 4928000 | AL27: =+AK27+AI27+AH27 -> 6128000 | AM27: =+AA27+AB27 -> 1200000 | AR27: 200000
B28: 13 | C28: 305469700820 | D28: 17/04/2023 | E28: KGN-23040972 | G28: 25/04/23 | H28: X | K28: 1 | M28: XANH | U28: YMLUW490429137 | Y28: BMOU6325290 | AA28: 1450000 | AB28: 1050000 | AE28: 900000 | AF28: 3580000 | AH28: =+AA28+AB28+AC28 -> 2500000 | AI28: =+AD28 -> 0 | AK28: =(AE28+AF28+AG28)*1.1 -> 4928000 | AL28: =+AK28+AI28+AH28 -> 7428000 | AM28: =+AA28+AB28 -> 2500000 | AR28: 200000
B29: 14 | C29: 305472349950 305472372240 | D29: 45034 | E29: KGN-23040997 | G29: 25/04/23 | H29: X | K29: 1 | M29: VÀNG | U29: SGND48129700 | Y29: DRYU4107155 | AA29: 920000 | AB29: 709500 | AE29: =900000+300000 -> 1200000 | AF29: 3580000 | AG29: 1200000 | AH29: =+AA29+AB29+AC29 -> 1629500 | AI29: =+AD29 -> 0 | AJ29: C/O AANZ | AK29: =(AE29+AF29+AG29)*1.1 -> 6578000 | AL29: =+AK29+AI29+AH29 -> 8207500 | AM29: =+AA29+AB29 -> 1629500 | AR29: 200000
B30: 15 | C30: 305481031721 305481073940 | D30: 21/04/2023 | E30: KGN-23041463 | G30: 25/04/23 | H30: x | K30: 1 | M30: XANH/VÀNG | U30: 2717182770 | Y30: CSLU6141550 | AA30: 1450000 | AB30: 2110000 | AE30: =900000+300000 -> 1200000 | AF30: 3580000 | AH30: =+AA30+AB30+AC30 -> 3560000 | AI30: =+AD30 -> 0 | AK30: =(AE30+AF30+AG30)*1.1 -> 5258000 | AL30: =+AK30+AI30+AH30 -> 8818000 | AM30: =+AA30+AB30 -> 3560000 | AR30: 200000
B31: 16 | C31: 305481601300 305481624400 | D31: 21/04/2023 | E31: KGN-23041464 | G31: 25/04/23 | H31: X | K31: 1 | M31: XANH/VÀNG | U31: 2717182770 | Y31: BSIU9364000 | AA31: 1450000 | AE31: =900000+300000 -> 1200000 | AF31: 3580000 | AH31: =+AA31+AB31+AC31 -> 1450000 | AI31: =+AD31 -> 0 | AK31: =(AE31+AF31+AG31)*1.1 -> 5258000 | AL31: =+AK31+AI31+AH31 -> 6708000 | AM31: =+AA31+AB31 -> 1450000 | AR31: 200000
B32: 17 | C32: 305486621550 305486636950 | D32: 24/04/2023 | E32: KGN-23041575 | G32: Không ứng | H32: X | K32: 1 | M32: XANH/VÀNG | U32: YMLUE490366006 | Y32: BMOU5719956 | AA32: 920000 | AB32: 709500 | AE32: =900000+300000 -> 1200000 | AF32: 3580000 | AH32: =+AA32+AB32+AC32 -> 1629500 | AI32: =+AD32 -> 0 | AK32: =(AE32+AF32+AG32)*1.1 -> 5258000 | AL32: =+AK32+AI32+AH32 -> 6887500 | AM32: =+AA32+AB32 -> 1629500 | AR32: 200000
B33: 18 | C33: 305486913230 305486802850 | D33: 24/04/2023 | E33: KGN-23041574 | G33: Không ứng | H33: X | K33: 1 | M33: XANH/VÀNG | U33: SGND46860700 | Y33: NYKU0847571 | AA33: 1450000 | AB33: 1050000 | AE33: =900000+300000 -> 1200000 | AF33: 3580000 | AH33: =+AA33+AB33+AC33 -> 2500000 | AI33: =+AD33 -> 0 | AK33: =(AE33+AF33+AG33)*1.1 -> 5258000 | AL33: =+AK33+AI33+AH33 -> 7758000 | AM33: =+AA33+AB33 -> 2500000 | AR33: 200000
B34: 19 | C34: 305488907200 305488952700 | D34: 25/04/2023 | E34: KGN-23041576 | G34: Không ứng | H34: x | K34: 1 | M34: XANH | U34: ONEYSGND52089700 | Y34: CAIU9503097 | AA34: 920000 | AB34: 1055000 | AE34: =900000+300000 -> 1200000 | AF34: 3580000 | AH34: =+AA34+AB34+AC34 -> 1975000 | AI34: =+AD34 -> 0 | AK34: =(AE34+AF34+AG34)*1.1 -> 5258000 | AL34: =+AK34+AI34+AH34 -> 7233000 | AM34: =+AA34+AB34 -> 1975000 | AR34: 200000
A35: THÁNG 05/2023 | AH35: =SUM(AH18:AH34) -> 36338500 | AI35: =SUM(AI18:AI34) -> 0 | AK35: =SUM(AK18:AK34) -> 83798000 | AL35: =SUM(AL18:AL34) -> 120136500

Sheet SUNAGRO
A1: THEO DÕI HÀNG HÓA TẠM ỨNG, THANH TOÁN, ĐIỀU XE 2023 - SUNAGRO
B2: MST:
A3: STT | B3: TKHQ | C3: NGÀY TKHQ | D3: TẠO JOB | E3: SELLING + OBH PENDING | F3: X/N | G3: 20' | H3: 40' | I3: LCL | J3: LUỒNG | K3: Ngày tạm ứmg | L3: Nâng/hạ/ CSHT | M3: Chi phí làm hàng | N3: LCC/ CO | O3: Estimate tạm ứng | P3: Số kiện | Q3: G.W (KGS) | R3: Tên hàng | S3: Số Bill/ Booking | T3: Ngày ETA/ Cut off | U3: CẢNG | V3: Dest | W3: Số cont/ seal | X3: Ngày giao/Xếp hàng | Y3: PHÍ NÂNG | Z3: PHÍ HẠ | AA3: Phí KDTV | AB3: Phí CSHT | AC3: PHÍ DEM | AD3: PHÍ DET | AE3: PHÍ CHỨNG TỪ (TM) | AF3: PHÍ CHỨNG TỪ (ST CK) | AG3: Phí vận chuyển | AH3: Phí CO | AI3: PHÍ KHÁC | AJ3: TỔNG CHI HỘ (CASH) | AK3: TỔNG CHI HỘ (ST CK) | AL3: GHI CHÚ PHÁT SINH | AM3: PHÍ DỊCH VỤ GN | AN3: DT BẢNG KÊ (GỒM VAT) | AO3: GIAO BẢNG KÊ | AP3: CƯỢC CONT | AQ3: TẠM THU HÃNG TÀU/ SỬA CHỮA CONT | AR3: CHUYỂN CƯỢC | AS3: GHI CHÚ | AT3: PHÍ CƯỢC | AU3: CHI HỘ OBH
A4: THÁNG 03/2023
B5: 305381479120 | C5: 44993 | D5: KGN-23031526 | F5: X | H5: 1 | J5: Vàng | K5: 27/03/2023 | L5: 0 | M5: =SUM(G5:I5)*500000 -> 500000 | N5: 300000 | O5: =+SUM(L5:N5) -> 800000 | S5: 225592668 | W5: MRSU3932524 | Y5: 1350000 | Z5: 709500 | AA5: 99000 | AB5: 500000 | AG5: 4650000 | AH5: 600000 | AI5: 600000 | AJ5: =+Y5+Z5+AA5+AB5+AE5+AC5+AD5 -> 2658500 | AK5: =+AF5 -> 0 | AL5: C/O E, PHYTO 026691 | AM5: =(AG5+AH5+AI5)*1.1 -> 6435000 | AN5: =+AM5+AK5+AJ5 -> 9093500 | AO5: =+Z5+Y5 -> 2059500
B6: 305403931510 | C6: 20/03/2023 | D6: KGN-23031527 | F6: X | H6: 1 | J6: ĐỎ | K6: 27/03/2023 | L6: 0 | M6: =SUM(G6:I6)*500000 -> 500000 | N6: 300000 | O6: =+SUM(L6:N6) -> 800000 | S6: BSGNC23005629 | W6: TXGU5412544 | Y6: 1350000 | Z6: 709500 | AA6: 99000 | AB6: 500000 | AG6: 4650000 | AH6: 600000 | AI6: 600000 | AJ6: =+Y6+Z6+AA6+AB6+AE6+AC6+AD6 -> 2658500 | AK6: =+AF6 -> 0 | AL6: C/O E, PHYTO 031554 | AM6: =(AG6+AH6+AI6)*1.1 -> 6435000 | AN6: =+AM6+AK6+AJ6 -> 9093500 | AO6: =+Z6+Y6 -> 2059500
B7: 305420239040 | C7: 27/03/2023 | D7: KGN-23031528 | F7: X | H7: 1 | J7: ĐỎ | K7: 27/03/2023 | L7: 0 | M7: =SUM(G7:I7)*500000 -> 500000 | N7: 300000 | O7: =+SUM(L7:N7) -> 800000 | S7: 226179041 | W7: MRSU3128706 | Y7: 1300000 | Z7: 709500 | AA7: 99000 | AB7: 500000 | AG7: 4650000 | AH7: 600000 | AI7: 600000 | AJ7: =+Y7+Z7+AA7+AB7+AE7+AC7+AD7 -> 2608500 | AK7: =+AF7 -> 0 | AL7: C/O E, PHYTO 033449 | AM7: =(AG7+AH7+AI7)*1.1 -> 6435000 | AN7: =+AM7+AK7+AJ7 -> 9043500 | AO7: =+Z7+Y7 -> 2009500
A8: THÁNG 07/2023
B9: 105551969940 | C9: 45117 | D9: KGN-23070623 | F9: N | I9: 1 | J9: Vàng | P9: 2 | Q9: 810 KGS/ 2.35 CBM | S9: SE23060066 | W9: BMOU6035346 | Y9: =152928+27805 -> 180733 | AG9: =1000000+1350000 -> 2350000 | AJ9: =+Y9+Z9+AA9+AB9+AE9+AC9+AD9 -> 180733 | AK9: =+AF9 -> 0 | AM9: =(AG9+AH9+AI9)*1.08 -> 2538000 | AN9: =+AM9+AK9+AJ9 -> 2718733 | AU9: KGN-PR-2307507
B10: 105570983561 | C10: 45117 | D10: KGN-23070624 | F10: N | H10: 1 | J10: ĐỎ | S10: OOLU2720166200 | W10: OOCU6999022 | Y10: 1150200 | Z10: 1430000 | AB10: 500000 | AC10: =213210+106605+106605 -> 426420 | AG10: 4650000 | AJ10: =+Y10+Z10+AA10+AB10+AE10+AC10+AD10 -> 3506620 | AK10: =+AF10 -> 0 | AM10: =(AG10+AH10+AI10)*1.08 -> 5022000 | AN10: =+AM10+AK10+AJ10 -> 8528620
B11: 105588821700 | C11: 45125 | D11: KGN-23071091 | F11: N | I11: 1 | J11: Vàng | P11: 130 | Q11: 3207.8 KGS/ 6 CBM | S11: AMIGL230273796A | W11: BMOU6930536 | Y11: 189098 | AG11: =1000000+2550000 -> 3550000 | AJ11: =+Y11+Z11+AA11+AB11+AE11+AC11+AD11 -> 189098 | AK11: =+AF11 -> 0 | AM11: =(AG11+AH11+AI11)*1.08 -> 3834000 | AN11: =+AM11+AK11+AJ11 -> 4023098
B12: PHÍ SỬA TK AMA | D12: KGN-23071455 | AI12: =400000*11 -> 4400000 | AJ12: =+Y12+Z12+AA12+AB12+AE12+AC12+AD12 -> 0 | AK12: =+AF12 -> 0 | AM12: =(AG12+AH12+AI12)*1.08 -> 4752000 | AN12: =+AM12+AK12+AJ12 -> 4752000
AJ13: =+Y13+Z13+AA13+AB13+AE13+AC13+AD13 -> 0 | AK13: =+AF13 -> 0 | AM13: =(AG13+AH13+AI13)*1.08 -> 0 | AN13: =+AM13+AK13+AJ13 -> 0
AJ14: =+Y14+Z14+AA14+AB14+AE14+AC14+AD14 -> 0 | AK14: =+AF14 -> 0 | AM14: =(AG14+AH14+AI14)*1.08 -> 0 | AN14: =+AM14+AK14+AJ14 -> 0
AJ15: =+Y15+Z15+AA15+AB15+AE15+AC15+AD15 -> 0 | AK15: =+AF15 -> 0 | AM15: =(AG15+AH15+AI15)*1.08 -> 0 | AN15: =+AM15+AK15+AJ15 -> 0
AJ16: =+Y16+Z16+AA16+AB16+AE16+AC16+AD16 -> 0 | AK16: =+AF16 -> 0 | AM16: =(AG16+AH16+AI16)*1.08 -> 0 | AN16: =+AM16+AK16+AJ16 -> 0
AJ17: =+Y17+Z17+AA17+AB17+AE17+AC17+AD17 -> 0 | AK17: =+AF17 -> 0 | AM17: =(AG17+AH17+AI17)*1.08 -> 0 | AN17: =+AM17+AK17+AJ17 -> 0
AJ18: =+Y18+Z18+AA18+AB18+AE18+AC18+AD18 -> 0 | AK18: =+AF18 -> 0 | AM18: =(AG18+AH18+AI18)*1.08 -> 0 | AN18: =+AM18+AK18+AJ18 -> 0
AJ19: =+Y19+Z19+AA19+AB19+AE19+AC19+AD19 -> 0 | AK19: =+AF19 -> 0 | AM19: =(AG19+AH19+AI19)*1.08 -> 0 | AN19: =+AM19+AK19+AJ19 -> 0

Sheet ZASI
A2: THEO DÕI HÀNG HÓA TẠM ỨNG, THANH TOÁN, ĐIỀU XE - ZASI
C3: MST: 3703240385 | D3: Địa chỉ : Lô G1, G2 (khu B2) đường D9, Khu công Nghiệp Rạch Bắp, Phường Tây Nam, Tp Hồ Chí Minh
A4: STT | B4: NGÀY ĐÓNG/GIAO HÀNG | C4: Số TK | D4: Ngày ĐK | E4: Tạo Job | F4: NCC LINE | G4: X/N | H4: 20' | I4: 40' | J4: LCL | K4: LUỒNG | L4: Vận đơn/ BOOKING | M4: SỐ CONT/SEAL | N4: SỐ HĐ | O4: CUT OFF ETA/ETD | P4: DEM/DET | Q4: SỐ XE | R4: CẢNG | S4: KIỂM HÓA | T4: PHÍ CO | U4: PHÍ TK THÊM | V4: LẤY BILL GỐC | W4: PHỤ PHÍ NÂNG | X4: PHÍ NÂNG | Y4: PHÍ HẠ | Z4: PHÍ CHỨNG TỪ (TM) | AA4: PHÍ CSHT | AB4: PHÍ DEM/DET | AC4: PHÍ SỮA CHỮA CONT | AD4: TỔNG CHI HỘ (CASH) | AE4: GHI CHÚ PHÁT SINH | AF4: PHÍ DỊCH VỤ GN | AG4: DT BẢNG KÊ (GỒM VAT) | AH4: GIAO BẢNG KÊ | AI4: Phụ phí thu hàng nặng
A5: THÁNG 5/2025 | AI5: 450000
A6: 1 | B6: 09/05/2025 | C6: 107141079951 | D6: 29/04/2025 | E6: KGN-25042236 | G6: N | H6: 1 | K6: VÀNG | L6: NSASGNG204947 | M6: SITU2828223/SITF590026 | N6: JS-250410-1 | O6: 30/04/2025 | P6: DEM: 13/05/2025 DET: 3 | R6: CÁT LÁI | X6: 497000 | Y6: 999000 | Z6: =5670000+1150000 -> 6820000 | AA6: 250000 | AD6: =+SUM(W6:AC6) -> 8566000 | AE6: KHAI TK CÁT LÁI | AF6: =((H6*4600000)+(I6*4600000))*1.08+(S6*500000*1.08) -> 4968000 | AG6: =+AD6+AF6 -> 13534000
A7: =+A6+1 -> 2 | B7: 15/05/2025 | C7: 107162617701 | D7: 08/05/2025 | E7: KGN-25050221 | G7: N | H7: 1 | K7: ĐỎ | L7: NSASGNG206194 | M7: SITU2641823/SITF564098 | N7: JS-250410-2B | O7: 08/05/2025 | P7: DEM: 21/05/2025 DET: 3 | R7: CÁT LÁI | S7: 1 | X7: 1194000 | Y7: 980000 | Z7: =5670000+1150000 -> 6820000 | AA7: 250000 | AD7: =+SUM(W7:AC7) -> 9244000 | AE7: KHAI TK CÁT LÁI THAM VẤN GIÁ 3TR CHI KIỂM HÓA (Đã trả) | AF7: =((H7*4600000)+(I7*4600000))*1.08+(S7*500000*1.08) -> 5508000 | AG7: =+AD7+AF7 -> 14752000
A8: =+A7+1 -> 3 | B8: 23/05/2025 | C8: 107183292050 | D8: 15/05/2025 | E8: KGN-25051032 | G8: N | H8: 1 | K8: VÀNG | L8: NSASGNG206478A | M8: UETU2333229/SITF563275 | N8: JS-250410-2A | O8: 15/05/2025 | P8: DEM: 27/05/2025 | R8: CÁT LÁI | X8: 1018000 | Y8: 1000000 | Z8: =5670000+1150000 -> 6820000 | AA8: 250000 | AD8: =+SUM(W8:AC8) -> 9088000 | AE8: KHAI TK CÁT LÁI | AF8: =((H8*4600000)+(I8*4600000))*1.08+(S8*500000*1.08) -> 4968000 | AG8: =+AD8+AF8 -> 14056000
A9: =+A8+1 -> 4 | B9: 24/05/2025 | C9: 107191284911 | D9: 19/05/2025 | E9: KGN-25051147 | G9: N | H9: 1 | K9: ĐỎ | L9: NSASGNG207685 | M9: TGBU2542773/SITF564216 | N9: JS-250410-3 | O9: 17/05/2025 | P9: DEM: 30/05/2025 | R9: CÁT LÁI | S9: 1 | X9: 1337000 | Y9: =265000+ 980000 -> 1245000 | Z9: =5670000+1150000 -> 6820000 | AA9: 250000 | AD9: =+SUM(W9:AC9) -> 9652000 | AE9: KHAI TK CÁT LÁI THAM VẤN GIÁ | AF9: =((H9*4600000)+(I9*4600000))*1.08+(S9*500000*1.08) -> 5508000 | AG9: =+AD9+AF9 -> 15160000
A10: =+A9+1 -> 5 | C10: 107200172110 | D10: 21/05/2025 | E10: KGN-25051464 | G10: N | H10: 1 | K10: VÀNG | L10: NSASGNG208508 | M10: BEAU2877275/SITF561876 | N10: JS-250429-1 | O10: 24/05/2025 | P10: DEM: 06/06/2025 | R10: CÁT LÁI | X10: 727000 | Y10: 999000 | Z10: =5670000+1150000 -> 6820000 | AA10: 250000 | AD10: =+SUM(W10:AC10) -> 8796000 | AE10: KHAI TK CÁT LÁI | AF10: =((H10*4600000)+(I10*4600000))*1.08+(S10*500000*1.08) -> 4968000 | AG10: =+AD12+AF10 -> 5008000
A11: THÁNG 6/2025 | AI11: 450000
C12: 10671172961 10677471642 | D12: 09/11/2024 03/12/2024 | W12: 40000 | AD12: =+SUM(W12:AC12) -> 40000 | AE12: BỔ SUNG CHI HỘ LPHQ | AF12: =((H12*4600000)+(I12*4600000))*1.08+(S12*500000*1.08) -> 0
A13: 1 | C13: 107246741450 | D13: 07/06/2025 | E13: KGN-25060191 | G13: N | H13: 2 | K13: VÀNG | L13: NSASGNG211976 | M13: BEAU2700124 UETU2775004 | N13: JS-250429-2 | O13: 05/06/2025 | P13: DEM: 18/06/2025 | Q13: 50H29647 50H05655 | R13: PHƯỚC AN -> CÁT LÁI | X13: 1900000 | Y13: 2000000 | Z13: 12490000 | AA13: 500000 | AD13: =+SUM(W13:AC13) -> 16890000 | AE13: KHAI TK CÁT LÁI THAM VẤN GIÁ | AF13: =((H13*(3600000+900000)+(I13*4600000))*1.08+(S13*500000*1.08)) -> 9720000 | AG13: =+AD13+AF13 -> 26610000
A14: =+A13+1 -> 2 | C14: 107281597400 | D14: 23/06/2025 | E14: KGN-25060854 | G14: N | H14: 2 | K14: VÀNG | L14: NSASGNG213155 | M14: TIIU2283115 SITU2591614 | N14: JS-250429-3 | O14: 19/06/2025 | P14: 02/07/2025 | Q14: 51C23338 50H29647 | R14: PHƯỚC AN -> CÁT LÁI | X14: 1524000 | Y14: 2000000 | Z14: 12490000 | AA14: 500000 | AD14: =+SUM(W14:AC14) -> 16514000 | AE14: KHAI TK CÁT LÁI | AF14: =((H14*(3600000+900000)+(I14*4600000))*1.08+(S14*500000*1.08)) -> 9720000 | AG14: =+AD14+AF14 -> 26234000
A15: =+A14+1 -> 3 | AD15: =+SUM(W15:AC15) -> 0 | AF15: =((H15*4600000)+(I15*4600000))*1.08+(S15*500000*1.08) -> 0 | AG15: =+AD15+AF15 -> 0
A16: =+A15+1 -> 4 | AD16: =+SUM(W16:AC16) -> 0
A17: =+A16+1 -> 5
A18: =+A17+1 -> 6
A19: =+A18+1 -> 7
A20: =+A19+1 -> 8
A21: =+A20+1 -> 9
A22: =+A21+1 -> 10
A23: =+A22+1 -> 11
A24: =+A23+1 -> 12
A25: =+A24+1 -> 13
A26: =+A25+1 -> 14
A27: =+A26+1 -> 15
A28: =+A27+1 -> 16
... A127: =+A126+1 -> 115

Sheet SONG LONG
A2: THEO DÕI HÀNG HÓA TẠM ỨNG, THANH TOÁN, ĐIỀU XE 2023 - SONG LONG
C3: MST: 3702373463 | D3: CÔNG TY TNHH SẢN XUấT THƯƠNG MẠI NHỰA SONG LONG VIệT NAM | L3: DC: Lô A - 14E-CN, Khu công nghiệp Bàu Bàng, Xã Bàu Bàng, Thành phố Hồ Chí Minh, Việt Nam
A4: STT | B4: NGÀY GIAO HÀNG | C4: Số TK | D4: Ngày ĐK | E4: Tạo Job | F4: XUẤT/NHẬP | G4: 20' | H4: 40' | I4: LCL / | J4: CONT NO. | K4: Phân luồng | L4: CHI TIẾT | M4: ETA | N4: TÊN HÀNG | O4: Vận đơn/ BOOKING | P4: SỐ XE | Q4: PHỤ PHÍ NÂNG | R4: PHÍ NÂNG | S4: PHÍ HẠ | T4: PHÍ CHỨNG TỪ (TM) | U4: PHÍ CHỨNG TỪ (ST CK) | V4: PHÍ CSHT | W4: PHÍ DEM/DET/CƯỢC | X4: TỔNG CHI HỘ (CASH) | Y4: TỔNG CHI HỘ (ST CK) | Z4: GHI CHÚ PHÁT SINH | AA4: PHÍ DỊCH VỤ GN | AB4: DT BẢNG KÊ (GỒM VAT) | AC4: GIAO BẢNG KÊ | AD4: GHI CHÚ
A5: 1 | C5: 105246037150 | D5: 44959 | E5: KGN-23011165 | F5: N | I5: LCL | L5: 44963 | O5: GXSAG23014749 | R5: 49920 | U5: 5471664 | X5: =+B5+R5+S5+T5+Q5+W5 -> 49920 | Y5: =+U5 -> 5471664 | Z5: 2 KIỆN/ 2080 KGS / 3.4 CBM | AA5: =2290000*1.1 -> 2519000 | AB5: =+AA5+Y5+X5 -> 8040584 | AE5: 2519000
A6: 2 | C6: 105267870960 | D6: 14/02/2023 | E6: KGN-23020782 | F6: N | G6: 5 | J6: DFSU3093090 SNBU2278474 SNBU2304830 SNBU2343374 SNCU2962407 | K6: ĐỎ | L6: 24/02/23 | O6: SNLDXMVL000136 | R6: 3932500 | S6: =1760000+1760000+880000 -> 4400000 | X6: =+B6+R6+S6+T6+Q6+W6 -> 8332500 | Y6: =+U6 -> 0 | AA6: =((G6*5160000)+(H6*5560000))*1.1 -> 28380000 | AB6: =+AA6+Y6+X6 -> 36712500 | AC6: =+R6+S6 -> 8332500 | AE6: 28380000
A7: 3 | C7: 105282102110 | D7: 21/02/2023 | E7: KGN-23021001 | F7: N | I7: LCL | L7: 24/02/23 | O7: GXSAG23024061 | R7: 36000 | T7: 3331625 | X7: =+B7+R7+S7+T7+Q7+W7 -> 3367625 | Y7: =+U7 -> 0 | Z7: 1 KIỆN/ 190 KGS / 0.37 CBM | AA7: =2090000*1.1 -> 2299000 | AB7: =+AA7+Y7+X7 -> 5666625 | AE7: 2299000
A8: 4 | C8: PHÍ XIN C/O: 31300568, 31300594 | D8: 20/02/2023 | E8: KGN-23030589 | F8: N | T8: 200000 | X8: =+B8+R8+S8+T8+Q8+W8 -> 200000 | Y8: =+U8 -> 0 | Z8: 2 C/O | AA8: =(800000*2)*1.1 -> 1760000 | AB8: =+AA8+Y8+X8 -> 1960000 | AD8: làm GCN mẫu X cho HĐ 0000005 | AE8: 1760000
A9: THÁNG 03/2023 | X9: =SUM(X5:X8) -> 11950045 | Y9: =SUM(Y5:Y8) -> 5471664 | AA9: =SUM(AA5:AA8) -> 34958000 | AB9: =+X9+Y9+AA9 -> 52379709
A10: 1 | C10: 105327699960 | D10: 14/03/2023 | E10: KGN-23021175 | F10: N | I10: LCL | K10: VÀNG | L10: 24/02/23 | O10: NOSNB23CL40073I | R10: =1399440+114241 -> 1513681 | U10: 5266581 | X10: =+B10+R10+S10+T10+Q10+W10 -> 1513681 | Y10: =+U10 -> 5266581 | Z10: 3 KIỆN/ 2380 KGS / 0.38 CBM | AA10: =2090000*1.1 -> 2299000 | AB10: =+AA10+Y10+X10 -> 9079262
A11: 2 | C11: 105317575640 | D11: 14/03/2023 | E11: KGN-23030404 | F11: N | I11: LCL | K11: VÀNG | L11: 18/03/23 | O11: COAU8035412290E | R11: =49920+74880 -> 124800 | U11: 3686443 | X11: =+B11+R11+S11+T11+Q11+W11 -> 124800 | Y11: =+U11 -> 3686443 | Z11: 2 KIỆN/ 2080 KGS / 3.73 CBM | AA11: =2290000*1.1 -> 2519000 | AB11: =+AA11+Y11+X11 -> 6330243
A12: 3 | C12: PHÍ XIN C/O T03.2023 | T12: 900000 | X12: =+B12+R12+S12+T12+Q12+W12 -> 900000 | Y12: =+U12 -> 0 | Z12: 9 C/O | AA12: =(800000*9)*1.1 -> 7920000 | AB12: =+AA12+Y12+X12 -> 8820000
A13: THÁNG 04/2023 | X13: =SUM(X10:X12) -> 2538481 | Y13: =SUM(Y10:Y12) -> 8953024 | AA13: =SUM(AA10:AA12) -> 12738000 | AB13: =+X13+Y13+AA13 -> 24229505
A14: 1 | C14: 105355638140 | D14: 27/03/2023 | E14: KGN-23040123 | F14: N | G14: 5 | I14: DRYU2794345 FCIU4977825 TLLU2608070 UETU2256740 UETU2274152 | K14: VÀNG | L14: 05/04/23 | O14: COAU8036156890 | R14: 3300000 | W14: 1193000 | X14: =+B14+R14+S14+T14+Q14+W14 -> 4493000 | Y14: =+U14 -> 0 | AA14: =((G14*5160000)+(H14*5560000))*1.1 -> 28380000 | AB14: =+AA14+Y14+X14 -> 32873000
A15: 2 | C15: 105386507810 | D15: 11/04/2023 | E15: KGN-23040501 | I15: LCL | K15: ĐỎ | L15: 13/04/23 | O15: NOSNB23CL40592E | R15: 105840 | U15: 3875529 | X15: =+B15+R15+S15+T15+Q15+W15 -> 105840 | Y15: =+U15 -> 3875529 | Z15: 3 KIỆN/ 1260 KGS / 1.51 CBM | AA15: =2090000*1.1 -> 2299000 | AB15: =+AA15+Y15+X15 -> 6280369
A16: 3 | C16: PHÍ XIN C/O T04.2023 | E16: KGN-23041124 | T16: =100000+100000 -> 200000 | X16: =+B16+R16+S16+T16+Q16+W16 -> 200000 | Y16: =+U16 -> 0 | Z16: 2 C/O, CHỨNG THỰC INV VCCI | AA16: =(800000*2)*1.1 -> 1760000 | AB16: =+AA16+Y16+X16 -> 1960000
A17: THÁNG 05/2023 | X17: =SUM(X14:X16) -> 4798840 | Y17: =SUM(Y14:Y16) -> 3875529 | AA17: =SUM(AA14:AA16) -> 32439000 | AB17: =+X17+Y17+AA17 -> 41113369
A18: 1 | C18: 105413665560 | D18: 24/04/2023. | E18: KGN-23041466 | F18: N | G18: 10 | J18: TGBU2104020 FCIU4815188 CSLU1884779 TGBU2317453 OOLU0594872 CSLU2391015 UETU2661721 CSNU1993376 TEMU5432086 CBHU4190554 | L18: 25/04/23 | O18: COAU8037166610 | R18: =5720000+440000 -> 6160000 | S18: =900000+900000+900000+900000+900000 -> 4500000 | W18: =295250+590500 -> 885750 | X18: =+B18+R18+S18+T18+Q18+W18 -> 11545750 | Y18: =+U18 -> 0 | AA18: =((G18*5160000)+(H18*5560000))*1.1 -> 56760000 | AB18: =+AA18+Y18+X18 -> 68305750 | AC18: =+S18 -> 4500000
A19: =+A18+1 -> 2 | C19: PHÍ XIN C/O T05.2023 | D19: 16/05/2023 | E19: KGN-23051250 | T19: 100000 | X19: =+B19+R19+S19+T19+Q19+W19 -> 100000 | Y19: =+U19 -> 0 | Z19: 1 C/O, CHỨNG THỰC INV VCCI | AA19: =(800000*1)*1.1 -> 880000 | AB19: =+AA19+Y19+X19 -> 980000
A20: THÁNG 06/2023 | X20: =SUM(X18:X19) -> 11645750 | Y20: =SUM(Y18:Y19) -> 0 | AA20: =SUM(AA18:AA19) -> 57640000 | AB20: =+X20+Y20+AA20 -> 69285750
A21: 1 | C21: 105413665560 | D21: 24/04/2023. | E21: KGN-23041466 | F21: N | G21: 10 | J21: TGBU2104020 FCIU4815188 CSLU1884779 TGBU2317453 OOLU0594872 CSLU2391015 UETU2661721 CSNU1993376 TEMU5432086 CBHU4190554 | L21: 25/04/23 | O21: COAU8037166610 | S21: =900000+900000+900000+900000+900000 -> 4500000 | X21: =+B21+R21+S21+T21+Q21+W21 -> 4500000 | Y21: =+U21 -> 0 | AA21: 0 | AB21: =+AA21+Y21+X21 -> 4500000 | AC21: BỔ SUNG CHI HỘ | AD21: KGN-PR-2306183
A22: 2 | C22: 105502742000 | D22: 06/06/2023 | E22: KGN-23060353 | F22: N | G22: 10 | J22: CSLU1797329 SLDU2001919 OOLU2928731 OOLU1390359 TEMU3458712 FBIU0384877 BSIU2885244 FTAU1573774 CBHU4434650 OOLU0542014 | K22: VÀNG | O22: COAU7884807200 | R22: =379500+6600000 -> 6979500 | S22: =900000+800000+800000+800000+800000+800000+800000+800000+800000+800000 -> 8100000 | T22: =446870+295125 -> 741995 | W22: 2361000 | X22: =+B22+R22+S22+T22+Q22+W22 -> 18182495 | Y22: =+U22+W22 -> 2361000 | AA22: =((G22*5160000)+(H22*5560000))*1.1 -> 56760000 | AB22: =+AA22+Y22+X22 -> 77303495
A23: 3 | C23: 105527782400 | D23: 19/06/2023 | E23: KGN-23061252 | F23: N | G23: LCL | I23: LCL | K23: VÀNG | O23: OOLU2140741820G | U23: 3798190 | X23: =+B23+R23+S23+T23+Q23+W23 -> 0 | Y23: =+U23 -> 3798190 | AA23: =2090000*1.1 -> 2299000 | AB23: =+AA23+Y23+X23 -> 6097190
A24: 4 | C24: PHÍ XIN C/O T06.2023 | D24: 45085 | E24: KGN-23061065 | T24: 200000 | X24: =+B24+R24+S24+T24+Q24+W24 -> 200000 | Y24: =+U24 -> 0 | AA24: =(800000*2)*1.1 -> 1760000 | AB24: =+AA24+Y24+X24 -> 1960000
A25: THÁNG 07/2023 | X25: =SUM(X21:X24) -> 22882495 | Y25: =SUM(Y21:Y24) -> 6159190 | AA25: =SUM(AA21:AA24) -> 60819000 | AB25: =+X25+Y25+AA25 -> 89860685
A26: 1 | B26: KGN-PR-2307589 | C26: 105527782400 | D26: 19/06/2023 | E26: KGN-23061252 | F26: N | G26: LCL | I26: LCL | O26: OOLU2140741820G | R26: 108000 | X26: =R26+S26+T26+Q26+W26 -> 108000 | Y26: =+U26 -> 0 | AA26: 0 | AB26: =+AA26+Y26+X26 -> 108000 | AC26: BỔ SUNG CHI HỘ
A27: 2 | C27: 105533383760 | D27: 21/06/2023 | E27: KGN-23061596 | F27: N | G27: LCL | I27: LCL | K27: VÀNG | L27: 1 PK/ 720 KGS/ 0.76 CBM | O27: GOSUNGB20086958R | R27: 24000 | T27: 3592215 | X27: =R27+S27+T27+Q27+W27 -> 3616215 | Y27: =+U27 -> 0 | AA27: =2090000*1.08 -> 2257200 | AB27: =+AA27+Y27+X27 -> 5873415 | AD27: KGN-PR-2307404
A28: =+A27+1 -> 3 | C28: 105546953740 | D28: 28/06/2023 | E28: KGN-23062232 | F28: N | G28: LCL | I28: LCL | K28: VÀNG | L28: 2 PK/ 3100 KGS / 0.9 CBM | O28: COAU7244446280L | R28: 186000 | X28: =R28+S28+T28+Q28+W28 -> 186000 | Y28: =+U28 -> 0 | AA28: =2090000*1.08 -> 2257200 | AB28: =+AA28+Y28+X28 -> 2443200
A29: =+A28+1 -> 4 | C29: 105569787960 | D29: 45206 | E29: KGN-23070944 | F29: N | G29: 10 | J29: DFSU2984027 FCIU5859241 TGBU3001198 OOLU1923566 TLLU3013970 CSLU2315530 TEMU2692990 TGHU1938041 CSLU1421481 OOLU0567882 | K29: VÀNG | O29: COAU7884860960 | Q29: 1674000 | R29: 3942000 | S29: =900000+900000+900000+900000+900000+900000+900000+900000+900000+900000 -> 9000000 | X29: =R29+S29+T29+Q29+W29 -> 14616000 | Y29: =+U29 -> 0 | AA29: =((G29*5160000)+(H29*5560000))*1.08 -> 55728000 | AB29: =+AA29+Y29+X29 -> 70344000
A30: =+A29+1 -> 5 | C30: 105578665030 | D30: 13/07/2023 | E30: KGN-23070696 | F30: N | G30: LCL | I30: LCL | K30: VÀNG | L30: 1 PK / 290 KGS / 2 CBM | O30: OOLU2721381400E | R30: 82472 | U30: 5104944 | X30: =R30+S30+T30+Q30+W30 -> 82472 | Y30: =+U30 -> 5104944 | AA30: =2090000*1.08 -> 2257200 | AB30: =+AA30+Y30+X30 -> 7444616
A31: =+A30+1 -> 6 | C31: PHÍ XIN C/O T07.2023 | D31: 18/07/2023 | E31: KGN-23071046 | O31: 31303205 | T31: 100000 | X31: =R31+S31+T31+Q31+W31 -> 100000 | Y31: =+U31 -> 0 | AA31: =(800000)*1.08 -> 864000 | AB31: =+AA31+Y31+X31 -> 964000
A32: THÁNG 08/2023 | X32: =SUM(X26:X31) -> 18708687 | Y32: =SUM(Y26:Y31) -> 5104944 | AA32: =SUM(AA26:AA31) -> 63363600 | AB32: =+X32+Y32+AA32 -> 87177231
A33: 1 | C33: 105608687810 | D33: 26/07/2023 | E33: KGN-23071425 | F33: N | G33: LCL | I33: LCL | K33: VÀNG | L33: 2 PK/ 2100 KGS / 3.4 CBM | O33: GXSAG23075802 | U33: 6586058 | X33: =R33+S33+T33+Q33+W33 -> 0 | Y33: =+U33 -> 6586058 | AA33: =3090000*1.08 -> 3337200 | AB33: =+AA33+Y33+X33 -> 9923258 | AD33: KGN-PR-2308390 KGN-PR-23080475 (263,158 VND)
A34: =+A33+1 -> 2 | C34: 105607363300 | D34: 27/07/2023 | E34: KGN-23071495 | F34: N | G34: 10 | J34: CULU1909910 CULU1926883 CULU1926918 CULU1930918 GESU1257929 TEMU0548710 TEMU0549742 TLLU2939587 TRHU3123230 UETU2276432 | K34: VÀNG | O34: CULVXMN2301884 | Q34: =1134000+108000 -> 1242000 | R34: 5886000 | S34: =1800000+1800000+1800000+1800000+900000+900000 -> 9000000 | W34: 263158 | X34: =R34+S34+T34+Q34+W34 -> 16391158 | Y34: =+U34 -> 0 | AA34: =((G34*5160000)+(H34*5560000))*1.08 -> 55728000 | AB34: =+AA34+Y34+X34 -> 72119158 | AC34: BỔ SUNG PHÍ SỬA HD
A35: =+A34+1 -> 3 | C35: 105629140740 | D35: 45145 | E35: KGN-23080117 | F35: N | G35: LCL | I35: LCL | K35: VÀNG | L35: 6PK/ 961 KGS / 0.51 CBM | O35: NBHCM23053886 | U35: 3839712 | X35: =R35+S35+T35+Q35+W35 -> 0 | Y35: =+U35 -> 3839712 | AA35: =2090000*1.08 -> 2257200 | AB35: =+AA35+Y35+X35 -> 6096912
A36: =+A35+1 -> 4 | C36: 105629106002 | D36: 45141 | E36: KGN-23080187 | F36: n | G36: LCL | I36: LCL | K36: VÀNG | L36: 1pk /1,400 KGS/0.8 CBM | O36: NOSNB23CL41485B | Q36: 478342 | T36: 3768638 | X36: =R36+S36+T36+Q36+W36 -> 4246980 | Y36: =+U36 -> 0 | AA36: =2290000*1.08 -> 2473200 | AB36: =+AA36+Y36+X36 -> 6720180
A37: =+A36+1 -> 5 | C37: 105639536220 | D37: 45147 | E37: KGN-23080277 | F37: N | G37: LCL | I37: LCL | K37: X | L37: 2 PK/1500 KGS/0.39 CBM | O37: GOSUNGB20087344H | U37: 4377718 | X37: =R37+S37+T37+Q37+W37 -> 0 | Y37: =+U37 -> 4377718 | AA37: =2290000*1.08 -> 2473200 | AB37: =+AA37+Y37+X37 -> 6850918
A38: =+A37+1 -> 6 | C38: 105640277850 | D38: 45147 | E38: KGN-23080278 | F38: N | G38: LCL | I38: LCL | K38: VÀNG | L38: 1PK /480 KGS/0.5 CBM | O38: GOSUNGB20087344C | Q38: 23563 | U38: 3575794 | X38: =R38+S38+T38+Q38+W38 -> 23563 | Y38: =+U38 -> 3575794 | AA38: =2090000*1.08 -> 2257200 | AB38: =+AA38+Y38+X38 -> 5856557
A39: =+A38+1 -> 7 | C39: 105658896010 | D39: 17/08/2023 | E39: KGN-23080927 | F39: N | G39: LCL | I39: LCL | K39: VÀNG | L39: 1PK/ 300 KGS/ 0.08 CBM | O39: NOSNB23CL41661I | U39: 3454942 | X39: =R39+S39+T39+Q39+W39 -> 0 | Y39: =+U39 -> 3454942 | AA39: =2090000*1.08 -> 2257200 | AB39: =+AA39+Y39+X39 -> 5712142 | AD39: KGN-PR-23080475
A40: =+A39+1 -> 8 | C40: 105668713510 | D40: 22/08/2023 | E40: KGN-23081342 | F40: N | G40: LCL | I40: LCL | K40: VÀNG | L40: 1PK/ 550 KGS/ 0.57 CBM | O40: COAU8042516610L | Q40: 11782 | T40: 3454942 | X40: =R40+S40+T40+Q40+W40 -> 3466724 | Y40: =+U40 -> 0 | AA40: =2090000*1.08 -> 2257200 | AB40: =+AA40+Y40+X40 -> 5723924
A41: THÁNG 09/2023 | X41: =SUM(X33:X40) -> 24128425 | Y41: =SUM(Y33:Y40) -> 21834224 | AA41: =SUM(AA33:AA40) -> 73040400 | AB41: =+X41+Y41+AA41 -> 119003049
A42: 1 | C42: 105671433120 | D42: 26/08/2023 | E42: KGN-23081616 | F42: N | G42: 10 | J42: CSLU2267262 CSLU2316460 CBHU4259481 OOLU0659675 FTAU1490617 CXDU2362484 OOLU0919237 OOLU1799748 FCIU5700100 UETU2358510 | K42: VÀNG | O42: COAU7884973180 | Q42: 1674000 | R42: 3942000 | S42: =1800000+1800000+1800000+1800000+1800000 -> 9000000 | X42: =R42+S42+T42+Q42+W42 -> 14616000 | Y42: =+U42 -> 0 | AA42: =((G42*5160000)+(H42*5560000))*1.08 -> 55728000 | AB42: =+AA42+Y42+X42 -> 70344000 | AD42: KGN-PR-2309475
A43: =+A42+1 -> 2 | C43: 105693335640 | D43: 45174 | E43: KGN-23092914 | F43: N | G43: LCL | I43: LCL | K43: VÀNG | L43: 2 pk / 2080 kg /4 cbm | O43: NOSNB23CL41772J | U43: 8369482 | X43: =R43+S43+T43+Q43+W43 -> 0 | Y43: =+U43 -> 8369482 | AA43: =3090000*1.08 -> 3337200 | AB43: =+AA43+Y43+X43 -> 11706682 | AC43: KGN-23092987
A44: =+A43+1 -> 3 | C44: 105700803610 | D44: 45176 | E44: KGN-23092923 | F44: N | G44: LCL | I44: LCL | K44: VÀNG | L44: 2 pk /452 kg / 0.24 cbm | N44: LINH KIỆN | O44: NBHCM23059097 | Q44: 11782 | U44: 3300620 | X44: =R44+S44+T44+Q44+W44 -> 11782 | Y44: =+U44 -> 3300620 | AA44: =+(2090000*1.08)+(500000*1.08) -> 2797200 | AB44: =+AA44+Y44+X44 -> 6109602
A45: =+A44+1 -> 4 | C45: 105704634120 | D45: 45177 | E45: KGN-23093331 | F45: N | G45: LCL | I45: LCL | K45: VÀNG | L45: 1 PK/ 1050 KGS/ 1.9 CBM | O45: GXSAG23087208 | Q45: 37113 | T45: 4605881 | X45: =R45+S45+T45+Q45+W45 -> 4642994 | Y45: =+U45 -> 0 | AA45: =2290000*1.08 -> 2473200 | AB45: =+AA45+Y45+X45 -> 7116194
A46: =+A45+1 -> 5 | C46: PHÍ XIN C/O T09.2023 | D46: 45177 | E46: KGN-23093334 | T46: =196364+98182 -> 294546 | X46: =R46+S46+T46+Q46+W46 -> 294546 | Y46: =+U46 -> 0 | AA46: =(800000*3)*1.08 -> 2592000 | AB46: =+AA46+Y46+X46 -> 2886546
A47: THÁNG 10/2023 | X47: =SUM(X42:X46) -> 19565322 | Y47: =SUM(Y42:Y46) -> 11670102 | AA47: =SUM(AA42:AA46) -> 66927600 | AB47: =+X47+Y47+AA47 -> 98163024
A48: 1 | C48: 105770254440 | D48: 45204 | E48: KGN-23101838 | F48: N | G48: 8 | J48: SUDU7580722 MRKU8832206 TCLU6144981 MRKU7732120 MSKU3403920 TTNU1291423 TCKU1808437 MRKU7055009 | K48: VÀNG | O48: 231358240 | R48: 3153600 | S48: =834545+834545+1669090+834545+834545+1669090 -> 6676360 | X48: =R48+S48+T48+Q48+W48 -> 9829960 | Y48: =+U48 -> 0 | AA48: =((G48*5160000)+(H48*5560000))*1.08 -> 44582400 | AB48: =+AA48+Y48+X48 -> 54412360 | AC48: =+AA48/1.08 -> 41280000 | AD48: KGN-PR-2310523
A49: =+A48+1 -> 2 | C49: 105783808760 | D49: 45211 | E49: KGN-23102080 | F49: N | G49: LCL | K49: VÀNG | L49: 1 PK/ 75 KGS/ 0.2 CBM | O49: GXSAG23098020 | Q49: 23563 | U49: 3395196 | X49: =R49+S49+T49+Q49+W49 -> 23563 | Y49: =+U49 -> 3395196 | AA49: =2090000*1.08 -> 2257200 | AB49: =+AA49+Y49+X49 -> 5675959 | AC49: =+AA49/1.08 -> 2090000
A50: =+A49+1 -> 3 | C50: PHÍ XIN C/O T10.2023 | D50: 45208 | E50: KGN-23102723 | T50: 98182 | X50: =R50+S50+T50+Q50+W50 -> 98182 | Y50: =+U50 -> 0 | AA50: =800000*1.08 -> 864000 | AB50: =+AA50+Y50+X50 -> 962182 | AC50: =+AA50/1.08 -> 800000
A51: THÁNG 11/2023 | X51: =SUM(X48:X50) -> 9951705 | Y51: =SUM(Y48:Y50) -> 3395196 | AA51: =SUM(AA48:AA50) -> 47703600 | AB51: =+X51+Y51+AA51 -> 61050501
A52: 1 | C52: 105830073750 | D52: 30/10/2023 | E52: KGN-23103164 | F52: N | G52: LCL | K52: VÀNG | L52: 1 PK/ 720 KGS/ 0.65 CBM | O52: COAU7245991250L | Q52: 35345 | U52: 3537000 | X52: =R52+S52+T52+Q52+W52 -> 35345 | Y52: =+U52 -> 3537000 | AA52: =2090000*1.08 -> 2257200 | AB52: =+AA52+Y52+X52 -> 5829545 | AC52: =+AA52/1.08 -> 2090000 | AD52: KGN-PR-2311739
A53: =+A52+1 -> 2 | C53: 105823299150 | D53: 27/10/2023 | E53: KGN-23103168 | F53: N | G53: LCL | K53: VÀNG | L53: 5 PK/ 4980 KGS / 3.4 CBM | O53: NOSNB23CL42220J | Q53: 528062 | U53: 10140503 | X53: =R53+S53+T53+Q53+W53 -> 528062 | Y53: =+U53 -> 10140503 | AA53: =3240000*1.08 -> 3499200 | AB53: =+AA53+Y53+X53 -> 14167765 | AC53: =+AA53/1.08 -> 3240000
A54: =+A53+1 -> 3 | C54: 105844222630 | D54: 45233 | E54: KGN-23110133 | F54: N | G54: LCL | K54: VÀNG | L54: 2 PK/ 2080 KGS / 4 CBM | O54: NOSNB23CL42394F | Q54: 49013 | U54: 8555998 | X54: =R54+S54+T54+Q54+W54 -> 49013 | Y54: =+U54 -> 8555998 | AA54: =3090000*1.08 -> 3337200 | AB54: =+AA54+Y54+X54 -> 11942211 | AC54: =+AA54/1.08 -> 3090000
A55: =+A54+1 -> 4 | C55: 105853064660 | D55: 45236 | E55: KGN-23110414 | F55: N | G55: 8 | J55: BEAU2726495 BEAU2878440 FCIU3574701 SEGU1402575 SITU2662580 TGBU3155589 TLLU3548102 UETU2435365 | K55: VÀNG | O55: JT2314SSG357 | Q55: =561600+27000 -> 588600 | R55: 4492800 | S55: =950000+900000+900000+900000+1085000+1085000+900000+900000+185000 -> 7805000 | X55: =R55+S55+T55+Q55+W55 -> 12886400 | Y55: =+U55 -> 0 | AA55: =((G55*5160000)+(H55*5560000))*1.08 -> 44582400 | AB55: =+AA55+Y55+X55 -> 57468800 | AC55: =+AA55/1.08 -> 41280000
A56: =+A55+1 -> 5 | C56: PHÍ XIN C/O T11.2023 | D56: 45233 | E56: KGN-23111551 | T56: 294545 | X56: =R56+S56+T56+Q56+W56 -> 294545 | Y56: =+U56 -> 0 | AA56: =800000*3*1.08 -> 2592000 | AB56: =+AA56+Y56+X56 -> 2886545 | AC56: =+AA56/1.08 -> 2400000
A57: THÁNG 12/2023 | X57: =SUM(X52:X56) -> 13793365 | Y57: =SUM(Y52:Y56) -> 22233501 | AA57: =SUM(AA52:AA56) -> 56268000 | AB57: =+X57+Y57+AA57 -> 92294866
A58: 1 | C58: 105853064660 | D58: 45236 | E58: KGN-23110414 | F58: N | I58: BEAU2726495 BEAU2878440 FCIU3574701 SEGU1402575 SITU2662580 TGBU3155589 TLLU3548102 UETU2435365 | O58: JT2314SSG357 | W58: 6931854 | X58: =R58+S58+T58+Q58+W58 -> 6931854 | Y58: =+U58 -> 0 | AA58: 0 | AB58: =+AA58+Y58+X58 -> 6931854 | AC58: BỔ SUNG CHI HỘ | AD58: KGN-PR-2312538
A59: =+A58+1 -> 2 | C59: 105949426550 | D59: 45271 | E59: KGN-23120781 | F59: N | G59: 8 | I59: CAIU3520570 CSLU1583570 CSNU1846673 DRYU2481588 FCIU3171645 TEMU3057453 FCIU5243976 TEMU4886211 | K59: VÀNG | O59: OOLU2728920750 | R59: 3153600 | S59: =900000*8 -> 7200000 | X59: =R59+S59+T59+Q59+W59 -> 10353600 | Y59: =+U59 -> 0 | AA59: =((G59*5160000)+(H59*5560000))*1.08 -> 44582400 | AB59: =+AA59+Y59+X59 -> 54936000 | AC59: =+AA59/1.08 -> 41280000
A60: =+A59+1 -> 3 | C60: PHÍ XIN C/O T12.2023 | D60: 19/12/2023 | E60: KGN-23121341 | T60: =98182+196363 -> 294545 | X60: =R60+S60+T60+Q60+W60 -> 294545 | Y60: =+U60 -> 0 | AA60: =800000*3*1.08 -> 2592000 | AB60: =+AA60+Y60+X60 -> 2886545 | AC60: =+AA60/1.08 -> 2400000
A61: THÁNG 01/2024 | X61: =SUM(X58:X60) -> 17579999 | Y61: =SUM(Y58:Y60) -> 0 | AA61: =SUM(AA58:AA60) -> 47174400 | AB61: =+X61+Y61+AA61 -> 64754399 | AC61: =+AA61/1.08 -> 43680000
A62: 1 | C62: 105994521250 | D62: 45293 | E62: KGN-24010248 | F62: N | G62: 10 | I62: SITU2862070 SITU2811468 GAOU2061428 FTAU1177412 TGBU2668340 BEAU2885497 SITU2854310 TLLU3258401 TGBU3154047 SITU2666950 | K62: VÀNG | O62: MD2324SSG3504 | Q62: =27000+453600 -> 480600 | R62: 5616000 | S62: =900000+900000+900000+900000+900000+900000+900000+900000+900000+900000 -> 9000000 | X62: =R62+S62+T62+Q62+W62 -> 15096600 | Y62: =+U62 -> 0 | AA62: =((G62*5160000)+(H62*5560000))*1.08 -> 55728000 | AB62: =+AA62+Y62+X62 -> 70824600 | AC62: =+AA62/1.08 -> 51600000
A63: =+A62+1 -> 2 | C63: PHÍ XIN C/O T01.2024 | D63: 45566 | E63: KGN-24011063 | T63: 98182 | X63: =R63+S63+T63+Q63+W63 -> 98182 | Y63: =+U63 -> 0 | AA63: =800000*1*1.08 -> 864000 | AB63: =+AA63+Y63+X63 -> 962182 | AC63: =+AA63/1.08 -> 800000
A64: THÁNG 02/2024 | R64: =+R62+T63 -> 5714182 | X64: =SUM(X61:X63) -> 32774781 | Y64: =SUM(Y61:Y63) -> 0 | AA64: =SUM(AA61:AA63) -> 103766400 | AB64: =+X64+Y64+AA64 -> 136541181 | AC64: =+AA64/1.08 -> 96080000
A65: 1 | C65: 106071146420 | D65: 45327 | E65: KGN-24020347 | F65: N | G65: LCL | K65: VÀNG | L65: 1 PK/ 120 KG/ 0.38 CBM | O65: GXSAG24016114 | Q65: 23564 | T65: 3432618 | X65: =R65+S65+T65+Q65+W65 -> 3456182 | Y65: =+U65 -> 0 | AA65: =2090000*1.08 -> 2257200 | AB65: =+AA65+Y65+X65 -> 5713382 | AC65: =+AA65/1.08 -> 2090000
A66: =+A65+1 -> 2 | C66: 106071142550 | D66: 45327 | E66: KGN-24020348 | F66: N | G66: LCL | K66: VÀNG | L66: 2 PK / 2080 KG /3.49 CBM | O66: COAU7247505240I | T66: 3874941 | X66: =R66+S66+T66+Q66+W66 -> 3874941 | Y66: =+U66 -> 0 | AA66: =3090000*1.08 -> 3337200 | AB66: =+AA66+Y66+X66 -> 7212141 | AC66: =+AA66/1.08 -> 3090000
A67: =+A66+1 -> 3 | C67: 106087529550 | D67: 20/02/2024 | E67: KGN-24020637 | F67: N | G67: LCL | K67: VÀNG | L67: 1 PK/ 720 KG/ 0.65 CBM | O67: COAU7247551920J | Q67: 58909 | U67: 3494556 | X67: =R67+S67+T67+Q67+W67 -> 58909 | Y67: =+U67 -> 3494556 | AA67: =2090000*1.08 -> 2257200 | AB67: =+AA67+Y67+X67 -> 5810665 | AC67: =+AA67/1.08 -> 2090000
A68: =+A67+1 -> 4 | C68: 106087491420 | D68: 20/02/2024 | E68: KGN-24020638 | F68: N | G68: LCL | K68: VÀNG | L68: 1 PK/ 3380 KG/ 1.33 CBM | O68: COAU7247551920C | Q68: 119467 | U68: 7367377 | X68: =R68+S68+T68+Q68+W68 -> 119467 | Y68: =+U68 -> 7367377 | AA68: =3090000*1.08 -> 3337200 | AB68: =+AA68+Y68+X68 -> 10824044 | AC68: =+AA68/1.08 -> 3090000
A69: =+A68+1 -> 5 | C69: 106087514850 | D69: 20/02/2024 | E69: KGN-24020639 | F69: N | G69: LCL | K69: VÀNG | L69: 2 PK / 960 KG /0.65 CBM | O69: NOSNB24CL40404J | U69: 3414528 | X69: =R69+S69+T69+Q69+W69 -> 0 | Y69: =+U69 -> 3414528 | AA69: =2090000*1.08 -> 2257200 | AB69: =+AA69+Y69+X69 -> 5671728 | AC69: =+AA69/1.08 -> 2090000
A70: =+A69+1 -> 6 | C70: PHÍ XIN C/O T02.2024 | E70: KGN-24020962 | T70: 98182 | X70: =R70+S70+T70+Q70+W70 -> 98182 | Y70: =+U70 -> 0 | AA70: =800000*1*1.08 -> 864000 | AB70: =+AA70+Y70+X70 -> 962182 | AC70: =+AA70/1.08 -> 800000
A71: THÁNG 03/2024 | R71: =+Q65+T65+T66+Q67+Q68+T70 -> 7607681 | X71: =SUM(X68:X70) -> 217649 | Y71: =SUM(Y68:Y70) -> 10781905 | AA71: =SUM(AA65:AA70) -> 14310000 | AB71: =+X71+Y71+AA71 -> 25309554 | AC71: =+AA71/1.08 -> 13250000
A72: 1 | C72: 106114704400 | D72: 04/3/2024 | E72: KGN-24030290 | F72: N | G72: 8 | J72: WHSU0190571 WHSU0190381 WHSU0197914 WHSU0199080 WHSU0204269 WHSU0209609 WHSU0209717 WHSU2104910 | O72: 026E507146 | Q72: 842400 | R72: 7076160 | S72: =750000*8 -> 6000000 | X72: =R72+S72+T72+Q72+W72 -> 13918560 | Y72: =+U72 -> 0 | AA72: =((G72*5160000)+(H72*5560000))*1.08 -> 44582400 | AB72: =+AA72+Y72+X72 -> 58500960 | AC72: =(AA72/1.08)+(S72/1.08) -> 46835556
A73: =+A72+1 -> 2 | C73: 106150687160 | D73: 19/03/2024 | E73: KGN-24031445 | F73: N | I73: LCL | L73: 1 PK / 1100 KG/ 0.65 CBM | O73: COAU7248558000M | T73: 3746120 | X73: =R73+S73+T73+Q73+W73 -> 3746120 | Y73: =+U73 -> 0 | AA73: =2290000*1.08 -> 2473200 | AB73: =+AA73+Y73+X73 -> 6219320 | AC73: =+AA73/1.08 -> 2290000
A74: =+A73+1 -> 3 | C74: PHÍ XIN C/O T03.2024 | E74: KGN-24031538 | T74: =98182*2 -> 196364 | X74: =R74+S74+T74+Q74+W74 -> 196364 | Y74: =+U74 -> 0 | AA74: =800000*2*1.08 -> 1728000 | AB74: =+AA74+Y74+X74 -> 1924364 | AC74: =+AA74/1.08 -> 1600000
A75: THÁNG 04/2024 | R75: =+Q72+R72+T73+T74 -> 11861044 | X75: =SUM(X72:X74) -> 17861044 | Y75: =SUM(Y72:Y74) -> 0 | AA75: =SUM(AA72:AA74) -> 48783600 | AB75: =+X75+Y75+AA75 -> 66644644 | AC75: =SUM(AC72:AC74) -> 50725556
A76: 1 | C76: 106188833000 | D76: 45386 | E76: KGN-24040334 | F76: N | G76: 13 | J76: MSKU7837910 MRSU0176660 HASU1037280 CRSU1016332 MSKU5664970 MSKU5125752 CAIU6203882 TEMU5616606 BMOU2435473 MSKU4405960 MRKU7683242 MRKU7296942 MSKU4275742 | K76: VÀNG | O76: 237407817 | R76: 5616000 | S76: =415800+415800+415800+415800+415800+415800+415800+415800+415800+415800+415800+415800+415800 -> 5405400 | X76: =R76+S76+T76+Q76+W76 -> 11021400 | Y76: =+U76 -> 0 | AA76: =((G76*5160000)+(H76*5560000))*1.08 -> 72446400 | AB76: =+AA76+Y76+X76 -> 83467800
A77: =+A76+1 -> 2 | C77: 106192562930 | D77: 45387 | E77: KGN-24040352 | F77: N | I77: LCL | K77: VÀNG | L77: 1 PK / 120 KG/ 0.2 CBM | O77: GXSAG24037000 | U77: 3505810 | X77: =R77+S77+T77+Q77+W77 -> 0 | Y77: =+U77 -> 3505810 | AA77: =2090000*1.08 -> 2257200 | AB77: =+AA77+Y77+X77 -> 5763010
A78: =+A77+1 -> 3 | C78: 106192299620 | D78: 45387 | E78: KGN-24040353 | F78: N | I78: LCL | K78: VÀNG | L78: 3 PK / 3120 KG/ 2.28 CBM | O78: OOLU2146701840S | U78: 7186081 | X78: =R78+S78+T78+Q78+W78 -> 0 | Y78: =+U78 -> 7186081 | AA78: =3090000*1.08 -> 3337200 | AB78: =+AA78+Y78+X78 -> 10523281
A79: =+A78+1 -> 4 | C79: 106212243910 | D79: 15/04/2024 | E79: KGN-24041033 | F79: N | I79: LCL | K79: VÀNG | L79: 1 PK / 650 KG/ 0.18 CBM | O79: COAU7249121530H | T79: 3623303 | X79: =R79+S79+T79+Q79+W79 -> 3623303 | Y79: =+U79 -> 0 | AA79: =2090000*1.08 -> 2257200 | AB79: =+AA79+Y79+X79 -> 5880503
A80: =+A79+1 -> 5 | C80: 106213254120 | D80: 16/04/2024 | E80: KGN-24041032 | F80: N | I80: LCL | K80: VÀNG | L80: 2 PK/ 2360 KG/ 4.091 CBM | O80: SZSHCM404154604 | Q80: 194635 | U80: 7402056 | X80: =R80+S80+T80+Q80+W80 -> 194635 | Y80: =+U80 -> 7402056 | AA80: =3090000*1.08 -> 3337200 | AB80: =+AA80+Y80+X80 -> 10933891
A81: =+A80+1 -> 6 | C81: PHÍ XIN C/O T04.2024 | E81: KGN-24041414 | T81: 98182 | X81: =R81+S81+T81+Q81+W81 -> 98182 | Y81: =+U81 -> 0 | AA81: =800000*1*1.08 -> 864000 | AB81: =+AA81+Y81+X81 -> 962182
A82: THÁNG 05/2024 | Q82: 19337950 | R82: =+R76+Q80+T79+T81 -> 9532120 | X82: =SUM(X76:X81) -> 14937520 | Y82: =SUM(Y76:Y81) -> 18093947 | AA82: =SUM(AA76:AA81) -> 84499200 | AB82: =+X82+Y82+AA82 -> 117530667 | AC82: =SUM(AC79:AC81) -> 0
A83: 1 | C83: 106251068120 | D83: 45415 | E83: KGN-24041576 | F83: N | I83: LCL | K83: VÀNG | L83: 2 PK/ 2080 KG/ 3.31 CBM | O83: NOSNB24CL41090S | Q83: 122531 | U83: 7614677 | X83: =R83+S83+T83+Q83+W83 -> 122531 | Y83: =+U83 -> 7614677 | AA83: =3090000*1.08 -> 3337200 | AB83: =+AA83+Y83+X83 -> 11074408
A84: =+A83+1 -> 2 | C84: 106246790420 | D84: 45414 | E84: KGN-24050281 | F84: N | I84: LCL | K84: VÀNG | L84: 3 PK/ 5180 KGM/ 1.49 CBM | O84: COAU7249470590F | U84: 10827898 | X84: =R84+S84+T84+Q84+W84 -> 0 | Y84: =+U84 -> 10827898 | AA84: =3240000*1.08 -> 3499200 | AB84: =+AA84+Y84+X84 -> 14327098
A85: =+A84+1 -> 3 | C85: 106253134520 | D85: 45418 | E85: KGN-24050914 | F85: N | I85: LCL | K85: VÀNG | L85: 1 PK / 610 KG/ 0.43 CBM | O85: OOLU2735819320J | Q85: 153163 | T85: 3674943 | X85: =R85+S85+T85+Q85+W85 -> 3828106 | Y85: =+U85 -> 0 | AA85: =2090000*1.08 -> 2257200 | AB85: =+AA85+Y85+X85 -> 6085306
A86: =+A85+1 -> 4 | C86: 106252968510 | D86: 45419 | E86: KGN-24050496 | F86: N | I86: LCL | K86: VÀNG | L86: 5 PK/ 5160 KGM/ 3.44 CBM | O86: COAU7249470590C | U86: 10793672 | X86: =R86+S86+T86+Q86+W86 -> 0 | Y86: =+U86 -> 10793672 | AA86: =3240000*1.08 -> 3499200 | AB86: =+AA86+Y86+X86 -> 14292872
A87: =+A86+1 -> 5 | C87: 106252934100 | D87: 45421 | E87: KGN-24050866 | F87: N | G87: 12 | J87: CSNU1983341 CSNU1809031 OOCU0386091 MAGU2290264 TLLU2990085 CSLU1771833 OOLU1892064 OOLU1349062 OOLU0655200 OOLU1630090 TEMU5795179 OOCU0560840 | K87: VÀNG | O87: OOLU2736800090 | Q87: 907200 | R87: 8812800 | S87: =900000*12 -> 10800000 | W87: 3820950 | X87: =R87+S87+T87+Q87+W87 -> 24340950 | Y87: =+U87 -> 0 | AA87: =((G87*5160000)+(H87*5560000))*1.08 -> 66873600 | AB87: =+AA87+Y87+X87 -> 91214550
A88: =+A87+1 -> 6 | C88: PHÍ XIN C/O T05.2024 | E88: KGN-24051481 | T88: 98182 | X88: =R88+S88+T88+Q88+W88 -> 98182 | Y88: =+U88 -> 0 | AA88: =800000*1*1.08 -> 864000 | AB88: =+AA88+Y88+X88 -> 962182
A89: THÁNG 06/2024 | R89: =+Q83+Q85+T85+Q87+R87+W87+T88 -> 17589769 | X89: =SUM(X83:X88) -> 28389769 | Y89: =SUM(Y83:Y88) -> 29236247 | AA89: =SUM(AA83:AA88) -> 80330400 | AB89: =+X89+Y89+AA89 -> 137956416 | AC89: =SUM(AC86:AC88) -> 0
A90: 1 | C90: 106294668650 | D90: 24/05/2024 | E90: KGN-24051577 | F90: N | I90: LCL | K90: VÀNG | L90: 1 PK/ 450 KGM/ 0.1 CBM | O90: EGLV143451685769G | U90: 3674801 | X90: =R90+S90+T90+Q90+W90 -> 0 | Y90: =+U90 -> 3674801 | AA90: =2090000*1.08 -> 2257200 | AB90: =+AA90+Y90+X90 -> 5932001
A91: =+A90+1 -> 2 | C91: 106309229830 | D91: 27/05/2024 | E91: KGN-24052323 | F91: N | I91: LCL | K91: VÀNG | L91: 1 PK / 140 KGM / 0.38 CBM | O91: GXSAG24055706 | U91: 3559165 | X91: =R91+S91+T91+Q91+W91 -> 0 | Y91: =+U91 -> 3559165 | AA91: =2090000*1.08 -> 2257200 | AB91: =+AA91+Y91+X91 -> 5816365
A92: =+A91+1 -> 3 | C92: 106319783250 | D92: 31/05/2024 | E92: KGN-24052512 | F92: N | I92: LCL | K92: X | L92: 1 PK/ 1020 KGM / 0.28 CBM | O92: COAU7250402730K | Q92: 12017 | U92: 3708596 | X92: =R92+S92+T92+Q92+W92 -> 12017 | Y92: =+U92 -> 3708596 | AA92: =2290000*1.08 -> 2473200 | AB92: =+AA92+Y92+X92 -> 6193813
A93: =+A92+1 -> 4 | C93: 106341993920 | D93: 45453 | E93: KGN-24060567 | F93: N | I93: LCL | K93: X | L93: 1 PK / 800 KGM / 0.13 CBM | O93: NOSNB24CL41810Y | U93: 3673387 | X93: =R93+S93+T93+Q93+W93 -> 0 | Y93: =+U93 -> 3673387 | AA93: =2090000*1.08 -> 2257200 | AB93: =+AA93+Y93+X93 -> 5930587
A94: =+A93+1 -> 5 | C94: 106342629740 | D94: 11/06/2024 | E94: KGN-24060571 | F94: N | I94: LCL | K94: VÀNG | L94: 2 PK / 2180 KGM / 1.8 CBM | O94: NOSNB24CL41810Z | U94: 5691787 | X94: =R94+S94+T94+Q94+W94 -> 0 | Y94: =+U94 -> 5691787 | AA94: =3090000*1.08 -> 3337200 | AB94: =+AA94+Y94+X94 -> 9028987
A95: =+A94+1 -> 6 | C95: PHÍ XIN C/O T06.2024 | E95: KGN-24061334 | T95: =98182+589090 -> 687272 | X95: =R95+S95+T95+Q95+W95 -> 687272 | Y95: =+U95 -> 0 | AA95: =800000*7*1.08 -> 6048000 | AB95: =+AA95+Y95+X95 -> 6735272
A96: THÁNG 07/2024 | R96: =+Q92+T95 -> 699289 | X96: =SUM(X90:X95) -> 699289 | Y96: =SUM(Y90:Y95) -> 20307736 | AA96: =SUM(AA90:AA95) -> 18630000 | AB96: =+X96+Y96+AA96 -> 39637025 | AC96: =SUM(AC93:AC95) -> 0
A97: 1 | B97: 06/07/2024 | C97: 106398346460 | D97: 45476 | E97: KGN-24070057 | F97: N | I97: LCL | K97: VÀNG | L97: 5 PK/ 5830 KGM/ 3.470 CBM | M97: 02/07/2024 | N97: PÁT TAY CẦM | O97: HWNBCLI2400016 | U97: 10119246 | X97: =R97+S97+T97+Q97+W97 -> 0 | Y97: =+U97 -> 10119246 | AA97: =2940000*1.08 -> 3175200 | AB97: =+AA97+Y97+X97 -> 13294446
A98: =+A97+1 -> 2 | B98: 13/07/2024 | C98: 106416460400 | D98: 45483 | E98: KGN-24070664 | F98: N | G98: 1 | I98: CAIU6551487 | K98: VÀNG | M98: 10/07/2024 | N98: HẠT NHỰA ABS | O98: YMJAI209497659 | R98: 432000 | S98: 900000 | U98: 5966526 | X98: =R98+S98+T98+Q98+W98 -> 1332000 | Y98: =+U98 -> 5966526 | AA98: =((G98*4750000)+(H98*5150000))*1.08 -> 5130000 | AB98: =+AA98+Y98+X98 -> 12428526
A99: =+A98+1 -> 3 | B99: 22/07/2024 | C99: 106431298410 | D99: 20/07/2024 | E99: KGN-24071230 | F99: N | I99: LCL | K99: VÀNG | L99: 1PK / 75KGM / 0.3CBM | M99: 18/07/2024 | N99: KEO | O99: HWCLI2401128 | Q99: 23564 | U99: 2859330 | X99: =R99+S99+T99+Q99+W99 -> 23564 | Y99: =+U99 -> 2859330 | AA99: =1790000*1.08 -> 1933200 | AB99: =+AA99+Y99+X99 -> 4816094
A100: =+A99+1 -> 4 | B100: 23/07/2024 | C100: 106437185630 | D100: 20/07/2024 | E100: KGN-24071309 | F100: N | I100: LCL | K100: X | L100: 1PK / 940KGM / 0.25CBM | M100: 19/07/2024 | N100: KHUÔN THÉP | O100: HWNBCLI2400019 | U100: 3215862 | X100: =R100+S100+T100+Q100+W100 -> 0 | Y100: =+U100 -> 3215862 | AA100: =1790000*1.08 -> 1933200 | AB100: =+AA100+Y100+X100 -> 5149062
A101: =+A100+1 -> 5 | B101: 23/07/2024 | C101: 106440481120 | D101: 20/07/2024 | E101: KGN-24071460 | F101: N | I101: LCL | K101: VÀNG | L101: 5PK / 5200KGM / 8.75CBM | M101: 19/07/2024 | N101: HẠT NHỰA ABS | O101: HWNBCLI2400018 | U101: 14159740 | X101: =R101+S101+T101+Q101+W101 -> 0 | Y101: =+U101 -> 14159740 | AA101: =2940000*1.08 -> 3175200 | AB101: =+AA101+Y101+X101 -> 17334940
...

Sheet SONG LONG- XTC
A2: THEO DÕI HÀNG XUẤT TẠI CHỖ - SONG LONG
C3: MST: 3702373463
A4: STT | B4: NGÀY GIAO HÀNG | C4: Số TK | D4: Ngày ĐK | E4: Tạo Job | F4: XUẤT/NHẬP | G4: 20' | H4: 40' | I4: KHÁCH HÀNG | J4: PNK | K4: INV NO | L4: SỐ KIỆN | M4: Phân luồng | N4: TÊN HÀNG | O4: Vận đơn/ BOOKING | P4: PHỤ PHÍ NÂNG | Q4: PHÍ NÂNG | R4: PHÍ HẠ | S4: PHÍ CHỨNG TỪ (TM) | T4: PHÍ CHỨNG TỪ (ST CK) | U4: PHÍ DEM/DET | V4: TỔNG CHI HỘ (CASH) | W4: TỔNG CHI HỘ (ST CK) | X4: GHI CHÚ PHÁT SINH | Y4: PHÍ DỊCH VỤ GN | Z4: DT BẢNG KÊ (GỒM VAT) | AA4: GIAO BẢNG KÊ | AB4: GHI CHÚ
A5: 1 | B5: 01/07/2024 | C5: 306543480960 | D5: 01/07/2024 | E5: KGN-24071343 | F5: Xuất | I5: CONG TY TNHH CUORI VIETNAM | J5: 00000056 | K5: SL-CU.009/2024 | L5: 436 | M5: Xanh | V5: =Q5+R5+S5+P5+U5 -> 0 | W5: =+T5 -> 0 | Y5: =600000*1.08 -> 648000 | Z5: =+Y5+W5+V5 -> 648000
A6: =+A5+1 -> 2 | B6: 01/07/2024 | C6: 306545165050 | D6: 01/07/2024 | E6: KGN-24071343 | F6: Xuất | I6: CONG TY TNHH VACPRO VIETNAM | J6: 00000057 | K6: SL-VA.019/2024 | L6: 418 | M6: Xanh | V6: =Q6+R6+S6+P6+U6 -> 0 | W6: =+T6 -> 0 | Y6: =600000*1.08 -> 648000 | Z6: =+Y6+W6+V6 -> 648000
A7: =+A6+1 -> 3 | B7: 04/07/2024 | C7: 306553811930 | D7: 06/07/2024 | E7: KGN-24071343 | F7: Xuất | I7: CÔNG TY TNHH LEADER ELECTRIC APPLIANCE | J7: 00000058 | K7: SL-LD.018/2024 | L7: 1306 | M7: Xanh | V7: =Q7+R7+S7+P7+U7 -> 0 | W7: =+T7 -> 0 | Y7: =600000*1.08 -> 648000 | Z7: =+Y7+W7+V7 -> 648000
A8: =+A7+1 -> 4 | B8: 11/07/2024 | C8: 306565840950 | D8: 11/07/2024 | E8: KGN-24071343 | F8: Xuất | I8: CONG TY TNHH VACPRO VIETNAM | J8: 00000059 | K8: SL-VA.020/2024 | L8: 482 | M8: Xanh | V8: =Q8+R8+S8+P8+U8 -> 0 | W8: =+T8 -> 0 | Y8: =600000*1.08 -> 648000 | Z8: =+Y8+W8+V8 -> 648000
A9: =+A8+1 -> 5 | B9: 12/07/2024 | C9: 306574008220 | D9: 12/07/2024 | E9: KGN-24071343 | F9: Xuất | I9: CONG TY TNHH CUORI VIETNAM | J9: 00000060 | K9: SL-CU.010/2024 | L9: 139 | M9: Xanh | V9: =Q9+R9+S9+P9+U9 -> 0 | W9: =+T9 -> 0 | Y9: =600000*1.08 -> 648000 | Z9: =+Y9+W9+V9 -> 648000
A10: =+A9+1 -> 6 | B10: 12/07/2024 | C10: 306568543060 | D10: 13/07/2024 | E10: KGN-24071343 | F10: Xuất | I10: CÔNG TY TNHH LEADER ELECTRIC APPLIANCE | J10: 00000061 | K10: SL-LD.019/2024 | L10: 1021 | M10: Xanh | V10: =Q10+R10+S10+P10+U10 -> 0 | W10: =+T10 -> 0 | Y10: =600000*1.08 -> 648000 | Z10: =+Y10+W10+V10 -> 648000
A11: =+A10+1 -> 7 | B11: 15/07/2024 | C11: 306580604430 | D11: 16/07/2024 | E11: KGN-24071343 | F11: Xuất | I11: CONG TY TNHH VACPRO VIETNAM | J11: 00000062 | K11: SL-VA.021/2024 | L11: 931 | M11: Xanh | V11: =Q11+R11+S11+P11+U11 -> 0 | W11: =+T11 -> 0 | Y11: =600000*1.08 -> 648000 | Z11: =+Y11+W11+V11 -> 648000
A12: =+A11+1 -> 8 | B12: 18/07/2024 | C12: 306592569530 | D12: 20/07/2024 | E12: KGN-24071343 | F12: Xuất | I12: CÔNG TY TNHH LEADER ELECTRIC APPLIANCE | J12: 00000063 | K12: SL-LD.020/2024 | L12: 737 | M12: Xanh | V12: =Q12+R12+S12+P12+U12 -> 0 | W12: =+T12 -> 0 | Y12: =600000*1.08 -> 648000 | Z12: =+Y12+W12+V12 -> 648000
A13: =+A12+1 -> 9 | B13: 20/07/2024 | C13: 306594925620 | D13: 22/07/2024 | E13: KGN-24071343 | F13: Xuất | I13: CONG TY TNHH VACPRO VIETNAM | J13: 00000064 | K13: SL-VA.022/2024 | L13: 273 | M13: Xanh | V13: =Q13+R13+S13+P13+U13 -> 0 | W13: =+T13 -> 0 | Y13: =600000*1.08 -> 648000 | Z13: =+Y13+W13+V13 -> 648000
A14: THÁNG 08/2024 | Z14: =SUM(Z5:Z13) -> 5832000
A15: 1 | B15: 25/07/2024 | C15: 306605516840 | D15: 25/07/2024 | E15: KGN-24081340 | F15: Xuất | I15: CONG TY TNHH VACPRO VIETNAM | J15: 00000065 | K15: SL-VA.023/2024 | L15: 116 | M15: Xanh | V15: =Q15+R15+S15+P15+U15 -> 0 | W15: =+T15 -> 0 | Y15: =600000*1.08 -> 648000 | Z15: =+Y15+W15+V15 -> 648000
A16: =+A15+1 -> 2 | B16: 31/07/2024 | C16: 306624655650 | D16: 45506 | E16: KGN-24081340 | F16: Xuất | I16: CONG TY TNHH VACPRO VIETNAM | J16: 00000068 | K16: SL-VA.024/2024 | L16: 246 | M16: Xanh | V16: =Q16+R16+S16+P16+U16 -> 0 | W16: =+T16 -> 0 | Y16: =600000*1.08 -> 648000 | Z16: =+Y16+W16+V16 -> 648000
A17: =+A16+1 -> 3 | B17: 31/07/2024 | C17: 306624514400 | D17: 45505 | E17: KGN-24081340 | F17: Xuất | I17: CONG TY TNHH CUORI VIETNAM | J17: 00000066 | K17: SL-CU.011/2024 | L17: 399 | M17: Xanh | V17: =Q17+R17+S17+P17+U17 -> 0 | W17: =+T17 -> 0 | Y17: =600000*1.08 -> 648000 | Z17: =+Y17+W17+V17 -> 648000
A18: =+A17+1 -> 4 | B18: 05/08/2024 | C18: 306634616320 | D18: 06/08/2024 | E18: KGN-24081340 | F18: Xuất | I18: CONG TY TNHH VACPRO VIETNAM | J18: 00000069 | K18: SL-VA.025/2024 | L18: 379 | M18: Xanh | V18: =Q18+R18+S18+P18+U18 -> 0 | W18: =+T18 -> 0 | Y18: =600000*1.08 -> 648000 | Z18: =+Y18+W18+V18 -> 648000
A19: =+A18+1 -> 5 | B19: 06/08/2024 | C19: 306639318550 | D19: 08/08/2024 | E19: KGN-24081340 | F19: Xuất | I19: CÔNG TY TNHH LEADER ELECTRIC APPLIANCE | J19: 00000070 | K19: SL-LD.021.2024 | L19: 1020 | M19: Xanh | V19: =Q19+R19+S19+P19+U19 -> 0 | W19: =+T19 -> 0 | Y19: =600000*1.08 -> 648000 | Z19: =+Y19+W19+V19 -> 648000
A20: =+A19+1 -> 6 | B20: 07/08/2024 | C20: 306642012300 | D20: 09/08/2024 | E20: KGN-24081340 | F20: Xuất | I20: CONG TY TNHH DECHANG VIETNAM | J20: 00000071 | K20: SL-DE.009 2024 | L20: 488 | M20: Xanh | V20: =Q20+R20+S20+P20+U20 -> 0 | W20: =+T20 -> 0 | Y20: =600000*1.08 -> 648000 | Z20: =+Y20+W20+V20 -> 648000
A21: =+A20+1 -> 7 | B21: 08/08/2024 | C21: 306648700060 | D21: 12/08/2024 | E21: KGN-24081340 | F21: Xuất | I21: CÔNG TY TNHH LEADER ELECTRIC APPLIANCE | J21: 00000072 | K21: SL-LD.022.2024 | L21: 1129 | M21: Xanh | V21: =Q21+R21+S21+P21+U21 -> 0 | W21: =+T21 -> 0 | Y21: =600000*1.08 -> 648000 | Z21: =+Y21+W21+V21 -> 648000
A22: =+A21+1 -> 8 | B22: 13/08/2024 | C22: 306656551960 | D22: 14/08/2024 | E22: KGN-24081340 | F22: Xuất | I22: CONG TY TNHH VACPRO VIETNAM | J22: 00000073 | K22: SL-VA.026.2024 | L22: 243 | M22: Xanh | V22: =Q22+R22+S22+P22+U22 -> 0 | W22: =+T22 -> 0 | Y22: =600000*1.08 -> 648000 | Z22: =+Y22+W22+V22 -> 648000
A23: =+A22+1 -> 9 | B23: 17/08/2024 | C23: 306667953010 | D23: 17/08/2024 | E23: KGN-24081340 | F23: Xuất | I23: CONG TY TNHH CUORI VIETNAM | J23: 00000074 | K23: SL-CU.012/2024 | L23: 171 | M23: Xanh | V23: =Q23+R23+S23+P23+U23 -> 0 | W23: =+T23 -> 0 | Y23: =600000*1.08 -> 648000 | Z23: =+Y23+W23+V23 -> 648000
A24: =+A23+1 -> 10 | B24: 19/08/2024 | C24: 306668669550 | D24: 19/08/2024 | E24: KGN-24081340 | F24: Xuất | I24: CONG TY TNHH VACPRO VIETNAM | J24: 00000075 | K24: SL-VA.027.2024 | L24: 665 | M24: Xanh | V24: =Q24+R24+S24+P24+U24 -> 0 | W24: =+T24 -> 0 | Y24: =600000*1.08 -> 648000 | Z24: =+Y24+W24+V24 -> 648000
A25: =+A24+1 -> 11 | B25: 20/08/2024 | C25: 306665950160 | D25: 20/08/2024 | E25: KGN-24081340 | F25: Xuất | I25: CÔNG TY TNHH LEADER ELECTRIC APPLIANCE | J25: 00000076 | K25: SL-LD.023.2024 | L25: 639 | M25: Xanh | V25: =Q25+R25+S25+P25+U25 -> 0 | W25: =+T25 -> 0 | Y25: =600000*1.08 -> 648000 | Z25: =+Y25+W25+V25 -> 648000
A26: =+A25+1 -> 12 | B26: 21/08/2024 | C26: 306675092860 | D26: 21/08/2024 | E26: KGN-24081340 | F26: Xuất | I26: CONG TY TNHH DECHANG VIETNAM | J26: 00000077 | K26: SL-DE.0102024 | L26: 122 | M26: Xanh | V26: =Q26+R26+S26+P26+U26 -> 0 | W26: =+T26 -> 0 | Y26: =600000*1.08 -> 648000 | Z26: =+Y26+W26+V26 -> 648000
A27: THÁNG 09/2024 | Z27: =SUM(Z18:Z26) -> 5832000
A28: 1 | B28: 22/08/2024 | C28: 306680992350 | D28: 23/08/2024 | E28: KGN-24091207 | F28: Xuất | I28: CONG TY TNHH LEADER ELECTRIC APPLIANCE | J28: 00000078 | K28: SL-LD.024.2024 | L28: 482 | M28: Xanh | V28: =Q28+R28+S28+P28+U28 -> 0 | W28: =+T28 -> 0 | Y28: =600000*1.08 -> 648000 | Z28: =+Y28+W28+V28 -> 648000
A29: 2 | B29: 23/08/2024 | C29: 306684638650 | D29: 29/08/2024 | E29: KGN-24091207 | F29: Xuất | I29: CONG TY TNHH VACPRO VIETNAM | J29: 00000079 | K29: SL-VA.028.2024 | L29: 172 | M29: Xanh | V29: =Q29+R29+S29+P29+U29 -> 0 | W29: =+T29 -> 0 | Y29: =600000*1.08 -> 648000 | Z29: =+Y29+W29+V29 -> 648000
A30: =+A29+1 -> 3 | B30: 30/08/2024 | C30: 306707268250 | D30: 31/08/2024 | E30: KGN-24091207 | F30: Xuất | I30: CONG TY TNHH CUORI VIETNAM | J30: 00000080 | K30: SL-CU.013/2024 | L30: 300 | M30: Xanh | V30: =Q30+R30+S30+P30+U30 -> 0 | W30: =+T30 -> 0 | Y30: =600000*1.08 -> 648000 | Z30: =+Y30+W30+V30 -> 648000
A31: =+A30+1 -> 4 | B31: 30/08/2024 | C31: 306707420410 | D31: 04/09/2024 | E31: KGN-24091207 | F31: Xuất | I31: CONG TY TNHH VACPRO VIETNAM | J31: 00000081 | K31: SL-VA.029.2024 | L31: 486 | M31: Xanh | V31: =Q31+R31+S31+P31+U31 -> 0 | W31: =+T31 -> 0 | Y31: =600000*1.08 -> 648000 | Z31: =+Y31+W31+V31 -> 648000
A32: =+A31+1 -> 5 | B32: 06/09/2024 | C32: 306719309540 | D32: 09/09/2024 | E32: KGN-24091207 | F32: Xuất | I32: CONG TY TNHH VACPRO VIETNAM | J32: 00000082 | K32: SL-VA.030.2024 | L32: 691 | M32: Xanh | V32: =Q32+R32+S32+P32+U32 -> 0 | W32: =+T32 -> 0 | Y32: =600000*1.08 -> 648000 | Z32: =+Y32+W32+V32 -> 648000
A33: =+A32+1 -> 6 | B33: 10/09/2024 | C33: 306726678000 | D33: 11/09/2024 | E33: KGN-24091207 | F33: Xuất | I33: CONG TY TNHH LEADER ELECTRIC APPLIANCE | J33: 00000083 | K33: SL-LD.025.2024 | L33: 1810 | M33: Xanh | V33: =Q33+R33+S33+P33+U33 -> 0 | W33: =+T33 -> 0 | Y33: =600000*1.08 -> 648000 | Z33: =+Y33+W33+V33 -> 648000
A34: =+A33+1 -> 7 | B34: 16/09/2024 | C34: 306733992630 | D34: 16/09/2024 | E34: KGN-24091207 | F34: Xuất | I34: CONG TY TNHH LEADER ELECTRIC APPLIANCE | J34: 00000084 | K34: SL-VA.031.2024 | L34: 486 | M34: Xanh | V34: =Q34+R34+S34+P34+U34 -> 0 | W34: =+T34 -> 0 | Y34: =600000*1.08 -> 648000 | Z34: =+Y34+W34+V34 -> 648000
A35: 8 | B35: 17/09/2024 | C35: 306746391730 | D35: 18/09/2024 | E35: KGN-24091207 | F35: Xuất | I35: CONG TY TNHH VACPRO VIETNAM | J35: 00000085 | K35: SL-VA.032.2024 | L35: 714 | M35: Xanh | V35: =Q35+R35+S35+P35+U35 -> 0 | W35: =+T35 -> 0 | Y35: =600000*1.08 -> 648000 | Z35: =+Y35+W35+V35 -> 648000
A36: 9 | B36: 16/09/2024 | C36: 306742014630 | D36: 20/09/2024 | E36: KGN-24091207 | F36: Xuất | I36: CONG TY TNHH LEADER ELECTRIC APPLIANCE | J36: 00000086 | K36: SL-LD.026.2024 | L36: 1784 | M36: Xanh | V36: =Q36+R36+S36+P36+U36 -> 0 | W36: =+T36 -> 0 | Y36: =600000*1.08 -> 648000 | Z36: =+Y36+W36+V36 -> 648000
A37: 10 | B37: 19/09/2024 | C37: 306752675040 | D37: 20/09/2024 | E37: KGN-24091207 | F37: Xuất | I37: CONG TY TNHH LEADER ELECTRIC APPLIANCE | J37: 00000088 | K37: SL-LD.027.2024 | L37: 1204 | M37: Xanh | V37: =Q37+R37+S37+P37+U37 -> 0 | W37: =+T37 -> 0 | Y37: =600000*1.08 -> 648000 | Z37: =+Y37+W37+V37 -> 648000
A38: =+A37+1 -> 11 | B38: 19/09/2024 | C38: 306752727100 | D38: 20/09/2024 | E38: KGN-24091207 | F38: Xuất | I38: CONG TY TNHH DECHANG VIETNAM | J38: 00000089 | K38: SL-DE.0112024 | L38: 99 | M38: Xanh | N38: HỦY TK 306752727100 | V38: =Q38+R38+S38+P38+U38 -> 0 | W38: =+T38 -> 0 | Y38: =600000*1.08 -> 648000 | Z38: =+Y38+W38+V38 -> 648000
A39: =+A38+1 -> 12 | B39: 23/09/2024 | C39: 306758762240 | D39: 23/09/2024 | E39: KGN-24091207 | F39: Xuất | I39: CONG TY TNHH DECHANG VIETNAM | J39: 00000089 | K39: SL-DE.0112024 | L39: 170 | M39: Xanh | V39: =Q39+R39+S39+P39+U39 -> 0 | W39: =+T39 -> 0 | Y39: =600000*1.08 -> 648000 | Z39: =+Y39+W39+V39 -> 648000
A40: THÁNG 10/2024 | Y40: =SUM(Y28:Y39) -> 7776000 | Z40: =SUM(Z28:Z38) -> 7128000
A41: 1 | B41: 30/09/2024 | C41: 306781693100 | D41: 02/10/2024 | E41: KGN-24101364 | F41: Xuất | I41: CONG TY TNHH CUORI VIETNAM | J41: 00000090 | K41: SL-CU.014/2024 | L41: 494 | M41: Xanh | V41: =Q41+R41+S41+P41+U41 -> 0 | W41: =+T41 -> 0 | Y41: =600000*1.08 -> 648000 | Z41: =+Y41+W41+V41 -> 648000
A42: =+A41+1 -> 2 | B42: 30/09/2024 | C42: 306781970520 | D42: 3/10/2024 | E42: KGN-24101364 | F42: Xuất | I42: CONG TY TNHH VACPRO VIETNAM | J42: 00000091 | K42: SL-VA.033.2024 | L42: 753 | M42: Xanh | V42: =Q42+R42+S42+P42+U42 -> 0 | W42: =+T42 -> 0 | Y42: =600000*1.08 -> 648000 | Z42: =+Y42+W42+V42 -> 648000
A43: =+A42+1 -> 3 | B43: 01/10/2024 | C43: 306786320210 | D43: 3/10/2024 | E43: KGN-24101364 | F43: Xuất | I43: CONG TY TNHH LEADER ELECTRIC APPLIANCE | J43: 00000092 | K43: SL-LD.028.2024 | L43: 1514 | M43: Xanh | V43: =Q43+R43+S43+P43+U43 -> 0 | W43: =+T43 -> 0 | Y43: =600000*1.08 -> 648000 | Z43: =+Y43+W43+V43 -> 648000
A44: =+A43+1 -> 4 | B44: 04/10/2024 | C44: 306798779950 | D44: 08/10/2024 | E44: KGN-24101364 | F44: Xuất | I44: CONG TY TNHH LEADER ELECTRIC APPLIANCE | J44: 00000093 | K44: SL-LD.029.2024 | L44: 677 | M44: Xanh | V44: =Q44+R44+S44+P44+U44 -> 0 | W44: =+T44 -> 0 | Y44: =600000*1.08 -> 648000 | Z44: =+Y44+W44+V44 -> 648000
A45: =+A44+1 -> 5 | B45: 04/10/2024 | C45: 306798808910 | E45: KGN-24101364 | F45: Xuất | J45: 00000094 | K45: SL-LD.030.2024 | L45: 486 | M45: Xanh | V45: =Q45+R45+S45+P45+U45 -> 0 | W45: =+T45 -> 0 | Y45: =600000*1.08 -> 648000 | Z45: =+Y45+W45+V45 -> 648000
A46: =+A45+1 -> 6 | B46: 07/10/2024 | C46: 306799810500 | D46: 09/10/2024 | E46: KGN-24101364 | F46: Xuất | I46: CONG TY TNHH VACPRO VIETNAM | J46: 00000095 | K46: SL-VA.034.2024 | L46: 1115 | M46: Xanh | V46: =Q46+R46+S46+P46+U46 -> 0 | W46: =+T46 -> 0 | Y46: =600000*1.08 -> 648000 | Z46: =+Y46+W46+V46 -> 648000
A47: =+A46+1 -> 7 | B47: 11/10/2024 | C47: 306816248820 | D47: 17/10/2024 | E47: KGN-24101364 | F47: Xuất | I47: CONG TY TNHH LEADER ELECTRIC APPLIANCE | J47: 00000097 | K47: SL-LD.031.2024 | L47: 270 | M47: Xanh | V47: =Q47+R47+S47+P47+U47 -> 0 | W47: =+T47 -> 0 | Y47: =600000*1.08 -> 648000 | Z47: =+Y47+W47+V47 -> 648000
A48: =+A47+1 -> 8 | C48: 306816259910 | E48: KGN-24101364 | F48: Xuất | J48: 00000098 | K48: SL-LD.032.2024 | L48: 623 | M48: Xanh | V48: =Q48+R48+S48+P48+U48 -> 0 | W48: =+T48 -> 0 | Y48: =600000*1.08 -> 648000 | Z48: =+Y48+W48+V48 -> 648000
A49: =+A48+1 -> 9 | C49: 306816269230 | E49: KGN-24101364 | F49: Xuất | J49: 00000099 | K49: SL-LD.033.2024 | L49: 297 | M49: Xanh | V49: =Q49+R49+S49+P49+U49 -> 0 | W49: =+T49 -> 0 | Y49: =600000*1.08 -> 648000 | Z49: =+Y49+W49+V49 -> 648000
A50: =+A49+1 -> 10 | B50: 12/10/2024 | C50: 306817016500 | D50: 14/10/2024 | E50: KGN-24101364 | F50: Xuất | I50: CONG TY TNHH CUORI VIETNAM | J50: 00000096 | K50: SL-CU.015/2024 | L50: 465 | M50: Xanh | V50: =Q50+R50+S50+P50+U50 -> 0 | W50: =+T50 -> 0 | Y50: =600000*1.08 -> 648000 | Z50: =+Y50+W50+V50 -> 648000
A51: =+A50+1 -> 11 | B51: 17/10/2024 | C51: 306828881830 | D51: 19/10/2024 | E51: KGN-24101364 | F51: Xuất | I51: CONG TY TNHH LEADER ELECTRIC APPLIANCE | J51: 00000100 | K51: SL-LD.034.2024 | L51: 66406 | M51: Xanh | V51: =Q51+R51+S51+P51+U51 -> 0 | W51: =+T51 -> 0 | Y51: =600000*1.08 -> 648000 | Z51: =+Y51+W51+V51 -> 648000
A52: =+A51+1 -> 12 | C52: 306828906550 | E52: KGN-24101364 | F52: Xuất | J52: 00000101 | K52: SL-LD.035.2024 | L52: 61334 | M52: Xanh | V52: =Q52+R52+S52+P52+U52 -> 0 | W52: =+T52 -> 0 | Y52: =600000*1.08 -> 648000 | Z52: =+Y52+W52+V52 -> 648000
A53: =+A52+1 -> 13 | C53: 306828948220 | E53: KGN-24101364 | F53: Xuất | J53: 00000102 | K53: SL-LD.036.2024 | L53: 52503 | M53: Xanh | V53: =Q53+R53+S53+P53+U53 -> 0 | W53: =+T53 -> 0 | Y53: =600000*1.08 -> 648000 | Z53: =+Y53+W53+V53 -> 648000
A54: =+A53+1 -> 14 | B54: 17/10/2024 | C54: 306830800420 | D54: 21/10/2024 | E54: KGN-24101364 | F54: Xuất | I54: CONG TY TNHH VACPRO VIETNAM | J54: 00000103 | K54: SL-VA.035.2024 | L54: 358 | M54: Xanh | V54: =Q54+R54+S54+P54+U54 -> 0 | W54: =+T54 -> 0 | Y54: =600000*1.08 -> 648000 | Z54: =+Y54+W54+V54 -> 648000
A55: 16 | B55: 21/10/2024 | C55: 306838707140 | D55: 22/10/2024 | E55: KGN-24101364 | F55: Xuất | I55: CONG TY TNHH DECHANG VIETNAM | J55: 00000104 | K55: SL-DE.0122024 | L55: 114 | M55: Xanh | V55: =Q55+R55+S55+P55+U55 -> 0 | W55: =+T55 -> 0 | Y55: =600000*1.08 -> 648000 | Z55: =+Y55+W55+V55 -> 648000
A56: 15 | B56: 21/10/2024 | C56: 306838281540 | D56: 23/10/2024 | E56: KGN-24101364 | F56: Xuất | I56: CONG TY TNHH VACPRO VIETNAM | J56: 00000105 | K56: SL-VA.036.2024 | L56: 826 | M56: Xanh | V56: =Q56+R56+S56+P56+U56 -> 0 | W56: =+T56 -> 0 | Y56: =600000*1.08 -> 648000 | Z56: =+Y56+W56+V56 -> 648000
A57: THÁNG 11/2024 | Y57: =SUM(Y43:Y54) -> 7776000 | Z57: =SUM(Z43:Z53) -> 7128000
A58: 1 | B58: 26/10/2024 | C58: 306854337000 | D58: 28/10/2024 | E58: KGN-24111449 | F58: Xuất | I58: CONG TY TNHH VACPRO VIETNAM | J58: 00000106 | K58: SL-VA.037.2024 | L58: 3216 | M58: Xanh | V58: =Q58+R58+S58+P58+U58 -> 0 | W58: =+T58 -> 0 | Y58: =600000*1.08 -> 648000 | Z58: =+Y58+W58+V58 -> 648000
A59: 2 | B59: 30/10/2024 | C59: 306864047250 | D59: 30/10/2024 | E59: KGN-24111449 | F59: Xuất | I59: CONG TY TNHH CUORI VIETNAM | J59: 00000107 | K59: SL-CU.016/2024 | L59: 355 | M59: Xanh | V59: =Q59+R59+S59+P59+U59 -> 0 | W59: =+T59 -> 0 | Y59: =600000*1.08 -> 648000 | Z59: =+Y59+W59+V59 -> 648000
A60: =+A63+1 -> 6 | B60: 31/10/2024 | C60: 306866633310 | D60: 01/11/2024 | E60: KGN-24111449 | F60: Xuất | I60: CONG TY TNHH VACPRO VIETNAM | J60: 00000108 | K60: SL-VA.038.2024 | L60: 1022 | M60: Xanh | V60: =Q60+R60+S60+P60+U60 -> 0 | W60: =+T60 -> 0 | Y60: =600000*1.08 -> 648000 | Z60: =+Y60+W60+V60 -> 648000
A61: 3 | B61: 29/10/2024 | C61: 306861229900 | D61: 04/11/2024 | E61: KGN-24111449 | F61: Xuất | I61: CONG TY TNHH LEADER ELECTRIC APPLIANCE | J61: 00000110 | K61: SL-LD.037.2024 | L61: 391 | M61: Xanh | V61: =Q61+R61+S61+P61+U61 -> 0 | W61: =+T61 -> 0 | Y61: =600000*1.08 -> 648000 | Z61: =+Y61+W61+V61 -> 648000
A62: =+A61+1 -> 4 | C62: 306861274660 | D62: 04/11/2024 | E62: KGN-24111449 | F62: Xuất | J62: 00000111 | K62: SL-LD.038.2024 | L62: 351 | M62: Xanh | V62: =Q62+R62+S62+P62+U62 -> 0 | W62: =+T62 -> 0 | Y62: =600000*1.08 -> 648000 | Z62: =+Y62+W62+V62 -> 648000
A63: =+A62+1 -> 5 | C63: 306861326830 | D63: 04/11/2024 | E63: KGN-24111449 | F63: Xuất | J63: 00000112 | K63: SL-LD.039.2024 | L63: 189 | M63: Xanh | V63: =Q63+R63+S63+P63+U63 -> 0 | W63: =+T63 -> 0 | Y63: =600000*1.08 -> 648000 | Z63: =+Y63+W63+V63 -> 648000
A64: =+A60+1 -> 7 | B64: 06/11/2024 | C64: 306883487910 | D64: 08/11/2024 | E64: KGN-24111449 | F64: Xuất | I64: CONG TY TNHH VACPRO VIETNAM | J64: 00000113 | K64: SL-VA.039.2024 | L64: 897 | M64: Xanh | V64: =Q64+R64+S64+P64+U64 -> 0 | W64: =+T64 -> 0 | Y64: =600000*1.08 -> 648000 | Z64: =+Y64+W64+V64 -> 648000
A65: =+A64+1 -> 8 | B65: 12/11/2024 | C65: 306901610320 | D65: 16/11/2024 | E65: KGN-24111449 | F65: Xuất | I65: CONG TY TNHH LEADER ELECTRIC APPLIANCE | J65: 00000114 | K65: SL-LD.040.2024 | L65: 476 | M65: Xanh | V65: =Q65+R65+S65+P65+U65 -> 0 | W65: =+T65 -> 0 | Y65: =600000*1.08 -> 648000 | Z65: =+Y65+W65+V65 -> 648000
A66: =+A65+1 -> 9 | C66: 306901641710 | D66: 16/11/2024 | E66: KGN-24111449 | F66: Xuất | J66: 00000115 | K66: SL-LD.041.2024 | L66: 601 | M66: Xanh | V66: =Q66+R66+S66+P66+U66 -> 0 | W66: =+T66 -> 0 | Y66: =600000*1.08 -> 648000 | Z66: =+Y66+W66+V66 -> 648000
A67: =+A66+1 -> 10 | C67: 306901649040 | D67: 16/11/2024 | E67: KGN-24111449 | F67: Xuất | J67: 00000116 | K67: SL-LD.042.2024 | L67: 708 | M67: Xanh | V67: =Q67+R67+S67+P67+U67 -> 0 | W67: =+T67 -> 0 | Y67: =600000*1.08 -> 648000 | Z67: =+Y67+W67+V67 -> 648000
A68: =+A67+1 -> 11 | C68: 306901659210 | D68: 16/11/2024 | E68: KGN-24111449 | F68: Xuất | J68: 00000117 | K68: SL-LD.043.2024 | L68: 721 | M68: Xanh | V68: =Q68+R68+S68+P68+U68 -> 0 | W68: =+T68 -> 0 | Y68: =600000*1.08 -> 648000 | Z68: =+Y68+W68+V68 -> 648000
A69: =+A70+1 -> 13 | B69: 18/11/2024 | C69: 306912971100 | D69: 19/11/2024 | E69: KGN-24111449 | F69: Xuất | I69: CONG TY TNHH CUORI VIETNAM | J69: 00000118 | K69: SL-CU.017/2024 | L69: 223 | M69: Xanh | V69: =Q69+R69+S69+P69+U69 -> 0 | W69: =+T69 -> 0 | Y69: =600000*1.08 -> 648000 | Z69: =+Y69+W69+V69 -> 648000
A70: =+A68+1 -> 12 | B70: 18/11/2024 | C70: 306913016560 | D70: 20/11/2024 | E70: KGN-24111449 | F70: Xuất | I70: CONG TY TNHH VACPRO VIETNAM | J70: 00000119 | K70: SL-VA.040.2024 | L70: 1076 | M70: Xanh | V70: =Q70+R70+S70+P70+U70 -> 0 | W70: =+T70 -> 0 | Y70: =600000*1.08 -> 648000 | Z70: =+Y70+W70+V70 -> 648000
A71: 13 | B71: 22/11/2024 | C71: 306927228110 | D71: 22/11/2024 | E71: KGN-24111449 | F71: Xuất | I71: CONG TY TNHH DECHANG VIETNAM | J71: 00000120 | K71: SL-DE.0132024 | L71: 67 | M71: Xanh | V71: =Q71+R71+S71+P71+U71 -> 0 | W71: =+T71 -> 0 | Y71: =600000*1.08 -> 648000 | Z71: =+Y71+W71+V71 -> 648000
A72: 14 | B72: 20/11/2024 | C72: 306922147840 | D72: 25/11/2024 | E72: KGN-24111449 | F72: Xuất | I72: CONG TY TNHH LEADER ELECTRIC APPLIANCE | J72: 00000122 | K72: SL-LD.044.2024 | L72: 361 | M72: Xanh | V72: =Q72+R72+S72+P72+U72 -> 0 | W72: =+T72 -> 0 | Y72: =600000*1.08 -> 648000 | Z72: =+Y72+W72+V72 -> 648000
A73: 15 | C73: 306922163020 | D73: 25/11/2024 | E73: KGN-24111449 | F73: Xuất | J73: 00000123 | K73: SL-LD.045.2024 | L73: 751 | M73: Xanh | V73: =Q73+R73+S73+P73+U73 -> 0 | W73: =+T73 -> 0 | Y73: =600000*1.08 -> 648000 | Z73: =+Y73+W73+V73 -> 648000
A74: 16 | C74: 306922179340 | D74: 25/11/2024 | E74: KGN-24111449 | F74: Xuất | J74: 00000124 | K74: SL-LD.046.2024 | L74: 518 | M74: Xanh | V74: =Q74+R74+S74+P74+U74 -> 0 | W74: =+T74 -> 0 | Y74: =600000*1.08 -> 648000 | Z74: =+Y74+W74+V74 -> 648000
A75: THÁNG 12/2024 (SERVICE DAY TỪ NGÀY 1/12) | Y75: =SUM(Y58:Y74) -> 11016000 | Z75: =SUM(Z58:Z74) -> 11016000
A76: 1 | B76: 22/11/2024 | C76: 306927143850 | D76: 25/11/2024 | E76: KGN-24121578 | F76: Xuất | I76: CONG TY TNHH VACPRO VIETNAM | J76: 00000121 | K76: SL-VA.041.2024 | L76: 577 | M76: Xanh | V76: =Q76+R76+S76+P76+U76 -> 0 | W76: =+T76 -> 0 | Y76: =600000*1.08 -> 648000 | Z76: =+Y76+W76+V76 -> 648000
A77: =+A76+1 -> 2 | B77: 27/11/2024 | C77: 306939884110 | D77: 27/11/2024 | E77: KGN-24121578 | F77: Xuất | I77: CONG TY TNHH VACPRO VIETNAM | J77: 00000125 | K77: SL-VA.042.2024 | L77: 74 | M77: Xanh | V77: =Q77+R77+S77+P77+U77 -> 0 | W77: =+T77 -> 0 | Y77: =600000*1.08 -> 648000 | Z77: =+Y77+W77+V77 -> 648000
A78: =+A77+1 -> 3 | B78: 29/11/2024 | C78: 306950988910 | D78: 30/11/2024 | E78: KGN-24121578 | F78: Xuất | I78: CONG TY TNHH CUORI VIETNAM | J78: 00000126 | K78: SL-CU.018/2024 | L78: 306 | M78: Xanh | V78: =Q78+R78+S78+P78+U78 -> 0 | W78: =+T78 -> 0 | Y78: =600000*1.08 -> 648000 | Z78: =+Y78+W78+V78 -> 648000
A79: =+A78+1 -> 4 | B79: 02/12/2024 | C79: 306956337130 | D79: 04/12/2024 | E79: KGN-24121578 | F79: Xuất | I79: CONG TY TNHH VACPRO VIETNAM | J79: 00000127 | K79: SL-VA.043.2024 | L79: 1052 | M79: Xanh | V79: =Q79+R79+S79+P79+U79 -> 0 | W79: =+T79 -> 0 | Y79: =600000*1.08 -> 648000 | Z79: =+Y79+W79+V79 -> 648000
A80: =+A79+1 -> 5 | B80: 02/12/2024 | C80: 306968450150 | D80: 11/12/2024 | E80: KGN-24121578 | F80: Xuất | I80: CONG TY TNHH LEADER ELECTRIC APPLIANCE | J80: 00000128 | K80: SL-LD.047.2024 | L80: 721 | M80: Xanh | V80: =Q80+R80+S80+P80+U80 -> 0 | W80: =+T80 -> 0 | Y80: =600000*1.08 -> 648000 | Z80: =+Y80+W80+V80 -> 648000
A81: =+A80+1 -> 6 | C81: 306968464850 | D81: 11/12/2024 | E81: KGN-24121578 | F81: Xuất | J81: 00000129 | K81: SL-LD.048.2024 | L81: 240 | M81: Xanh | V81: =Q81+R81+S81+P81+U81 -> 0 | W81: =+T81 -> 0 | Y81: =600000*1.08 -> 648000 | Z81: =+Y81+W81+V81 -> 648000
A82: =+A81+1 -> 7 | C82: 306968477230 | D82: 11/12/2024 | E82: KGN-24121578 | F82: Xuất | J82: 00000130 | K82: SL-LD.049.2024 | L82: 526 | M82: Xanh | V82: =Q82+R82+S82+P82+U82 -> 0 | W82: =+T82 -> 0 | Y82: =600000*1.08 -> 648000 | Z82: =+Y82+W82+V82 -> 648000
A83: =+A84+1 -> 9 | B83: 12/12/2024 | C83: 306983428420 | D83: 12/12/2024 | E83: KGN-24121578 | F83: Xuất | I83: CONG TY TNHH CUORI VIETNAM | J83: 00000131 | K83: SL-CU.019/2024 | L83: 223 | M83: Xanh | V83: =Q83+R83+S83+P83+U83 -> 0 | W83: =+T83 -> 0 | Y83: =600000*1.08 -> 648000 | Z83: =+Y83+W83+V83 -> 648000
A84: =+A82+1 -> 8 | C84: 306978697820 | D84: 13/12/2024 | E84: KGN-24121578 | F84: Xuất | I84: CONG TY TNHH VACPRO VIETNAM | J84: 00000132 | K84: SL-VA.044.2024 | L84: 1103 | M84: Xanh | V84: =Q84+R84+S84+P84+U84 -> 0 | W84: =+T84 -> 0 | Y84: =600000*1.08 -> 648000 | Z84: =+Y84+W84+V84 -> 648000
A85: =+A83+1 -> 10 | B85: 16/12/2024 | C85: 306991963150 | D85: 18/12/2024 | E85: KGN-24121578 | F85: Xuất | I85: CONG TY TNHH LEADER ELECTRIC APPLIANCE | J85: 00000133 | K85: SL-LD.50.2024 | L85: 772 | M85: Xanh | V85: =Q85+R85+S85+P85+U85 -> 0 | W85: =+T85 -> 0 | Y85: =600000*1.08 -> 648000 | Z85: =+Y85+W85+V85 -> 648000
A86: =+A85+1 -> 11 | C86: 306991984520 | D86: 18/12/2024 | E86: KGN-24121578 | F86: Xuất | J86: 00000134 | K86: SL-LD.51.2024 | L86: 432 | M86: Xanh | V86: =Q86+R86+S86+P86+U86 -> 0 | W86: =+T86 -> 0 | Y86: =600000*1.08 -> 648000 | Z86: =+Y86+W86+V86 -> 648000
A87: =+A86+1 -> 12 | C87: 306992007400 | D87: 18/12/2024 | E87: KGN-24121578 | F87: Xuất | J87: 00000135 | K87: SL-LD.52.2024 | L87: 388 | M87: Xanh | V87: =Q87+R87+S87+P87+U87 -> 0 | W87: =+T87 -> 0 | Y87: =600000*1.08 -> 648000 | Z87: =+Y87+W87+V87 -> 648000
A88: =+A87+1 -> 13 | B88: 18/12/2024 | C88: 306999582910 | D88: 21/12/2024 | E88: KGN-24121578 | F88: Xuất | I88: CONG TY TNHH LEADER ELECTRIC APPLIANCE | J88: 00000136 | K88: SL-LD.53.2024 | L88: 303 | M88: Xanh | V88: =Q88+R88+S88+P88+U88 -> 0 | W88: =+T88 -> 0 | Y88: =600000*1.08 -> 648000 | Z88: =+Y88+W88+V88 -> 648000
A89: =+A88+1 -> 14 | C89: 306999599710 | D89: 21/12/2024 | E89: KGN-24121578 | F89: Xuất | J89: 00000137 | K89: SL-LD.54.2024 | L89: 421 | M89: Xanh | V89: =Q89+R89+S89+P89+U89 -> 0 | W89: =+T89 -> 0 | Y89: =600000*1.08 -> 648000 | Z89: =+Y89+W89+V89 -> 648000
A90: =+A89+1 -> 15 | C90: 306999661900 | D90: 21/12/2024 | E90: KGN-24121578 | F90: Xuất | J90: 00000138 | K90: SL-LD.55.2024 | L90: 718 | M90: Xanh | V90: =Q90+R90+S90+P90+U90 -> 0 | W90: =+T90 -> 0 | Y90: =600000*1.08 -> 648000 | Z90: =+Y90+W90+V90 -> 648000
A91: =+A90+1 -> 16 | B91: 20/12/2024 | C91: 307004514740 | D91: 23/12/2024 | E91: KGN-24121578 | F91: Xuất | I91: CONG TY TNHH DECHANG VIETNAM | J91: 00000139 | K91: SL-DE.0142024 | L91: 38 | M91: Xanh | V91: =Q91+R91+S91+P91+U91 -> 0 | W91: =+T91 -> 0 | Y91: =600000*1.08 -> 648000 | Z91: =+Y91+W91+V91 -> 648000
A92: THÁNG 01/2025 (SERVICE DAY TỪ NGÀY /01/25) | Y92: =SUM(Y76:Y91) -> 10368000 | Z92: =SUM(Z76:Z91) -> 10368000
A93: 1 | B93: 23/12/2024 | C93: 307009669540 | D93: 25/12/2024 | E93: KGN-25011268 | F93: Xuất | I93: CONG TY TNHH VACPRO VIETNAM | J93: 00000140 | K93: SL-VA.045.2024 | L93: 977 | M93: Xanh | V93: =Q93+R93+S93+P93+U93 -> 0 | W93: =+T93 -> 0 | Y93: =600000*1.08 -> 648000 | Z93: =+Y93+W93+V93 -> 648000
A94: =+A93+1 -> 2 | B94: 26/12/2024 | C94: 307022927650 | D94: 27/12/2024 | E94: KGN-25011268 | F94: Xuất | I94: CONG TY TNHH VACPRO VIETNAM | J94: 00000141 | K94: SL-VA.046.2024 | L94: 207 | M94: Xanh | V94: =Q94+R94+S94+P94+U94 -> 0 | W94: =+T94 -> 0 | Y94: =600000*1.08 -> 648000 | Z94: =+Y94+W94+V94 -> 648000
A95: =+A94+1 -> 3 | B95: 31/12/2024 | C95: 307037598620 | D95: 03/01/2025 | E95: KGN-25011268 | F95: Xuất | I95: CONG TY TNHH VACPRO VIETNAM | J95: 00000001 | K95: SL-VA.01.2025 | L95: 1050 | M95: Xanh | V95: =Q95+R95+S95+P95+U95 -> 0 | W95: =+T95 -> 0 | Y95: =600000*1.08 -> 648000 | Z95: =+Y95+W95+V95 -> 648000
A96: =+A95+1 -> 4 | B96: 03/01/2025 | C96: 307044861340 | D96: 09/01/2025 | E96: KGN-25011268 | F96: Xuất | I96: CONG TY TNHH LEADER ELECTRIC APPLIANCE | J96: 00000002 | K96: SL-LD.01.2025 | L96: 227 | M96: Xanh | V96: =Q96+R96+S96+P96+U96 -> 0 | W96: =+T96 -> 0 | Y96: =600000*1.08 -> 648000 | Z96: =+Y96+W96+V96 -> 648000
A97: =+A96+1 -> 5 | B97: 03/01/2025 | C97: 307044872210 | D97: 09/01/2025 | E97: KGN-25011268 | F97: Xuất | J97: 00000003 | K97: SL-LD.02.2025 | L97: 102 | M97: Xanh | V97: =Q97+R97+S97+P97+U97 -> 0 | W97: =+T97 -> 0 | Y97: =600000*1.08 -> 648000 | Z97: =+Y97+W97+V97 -> 648000
A98: =+A97+1 -> 6 | B98: 03/01/2025 | C98: 307044884440 | D98: 09/01/2025 | E98: KGN-25011268 | F98: Xuất | J98: 00000004 | K98: SL-LD.03.2025 | L98: 501 | M98: Xanh | V98: =Q98+R98+S98+P98+U98 -> 0 | W98: =+T98 -> 0 | Y98: =600000*1.08 -> 648000 | Z98: =+Y98+W98+V98 -> 648000
A99: =+A98+1 -> 7 | B99: 03/01/2025 | C99: 307044896120 | D99: 09/01/2025 | E99: KGN-25011268 | F99: Xuất | J99: 00000005 | K99: SL-LD.04.2025 | L99: 903 | M99: Xanh | V99: =Q99+R99+S99+P99+U99 -> 0 | W99: =+T99 -> 0 | Y99: =600000*1.08 -> 648000 | Z99: =+Y99+W99+V99 -> 648000
A100: =+A99+1 -> 8 | B100: 08/01/2025 | C100: 307059117910 | D100: 11/01/2025 | E100: KGN-25011268 | F100: Xuất | I100: CONG TY TNHH LEADER ELECTRIC APPLIANCE | J100: 00000006 | K100: SL-LD.05.2025 | L100: 302 | M100: Xanh | V100: =Q100+R100+S100+P100+U100 -> 0 | W100: =+T100 -> 0 | Y100: =600000*1.08 -> 648000 | Z100: =+Y100+W100+V100 -> 648000
A101: =+A100+1 -> 9 | B101: 08/01/2025 | C101: 307059126420 | D101: 11/01/2025 | E101: KGN-25011268 | F101: Xuất | J101: 00000007 | K101: SL-LD.06.2025 | L101: 349 | M101: Xanh | V101: =Q101+R101+S101+P101+U101 -> 0 | W101: =+T101 -> 0 | Y101: =600000*1.08 -> 648000 | Z101: =+Y101+W101+V101 -> 648000
...

Sheet ĐẠI HÀO
A2: THEO DÕI HÀNG HÓA TẠM ỨNG, THANH TOÁN, ĐIỀU XE 2023 - ĐẠI HÀO
B3: MST: | K3: Chi phí làm hàng
A4: STT | B4: Số TK | C4: Ngày ĐK | D4: Tạo Job | E4: XUẤT/NHẬP | F4: 20' | G4: 40' | H4: Vận đơn/ BOOKING | I4: LCL / CONT NO. | J4: Phân luồng | K4: Ngày tạm ứmg | L4: Nâng/hạ/ CSHT | M4: Chi phí làm hàng | N4: LCC/ CO | O4: Estimate tạm ứng | P4: PHÍ NÂNG | Q4: PHÍ HẠ | R4: PHÍ CHỨNG TỪ (TM) | S4: PHÍ CHỨNG TỪ (ST CK) | T4: PHÍ DEM/DET | U4: TỔNG CHI HỘ (CASH) | V4: TỔNG CHI HỘ (ST CK) | W4: GHI CHÚ PHÁT SINH | X4: PHÍ DỊCH VỤ GN | Y4: DT BẢNG KÊ (GỒM VAT) | Z4: GIAO BẢNG KÊ | AA4: GHI CHÚ
A5: 1 | B5: 105388065160 | C5: 11/4/2023 | D5: KGN-23041185 | E5: N | G5: 1 | H5: ACMD110624 | I5: CMAU8546369 | J5: XANH | K5: KHÔNG ỨNG | P5: 709500 | Q5: 1250000 | U5: =+L5+P5+Q5+R5 -> 1959500 | V5: =+S5 -> 0 | X5: =4600000*1.1 -> 5060000 | Y5: =+X5+V5+U5 -> 7019500
A6: =+A5+1 -> 2 | U6: =+L6+P6+Q6+R6 -> 0 | V6: =+S6 -> 0 | Y6: =+X6+V6+U6 -> 0
A7: =+A6+1 -> 3 | U7: =+L7+P7+Q7+R7 -> 0 | V7: =+S7 -> 0 | Y7: =+X7+V7+U7 -> 0
A8: =+A7+1 -> 4 | U8: =+L8+P8+Q8+R8 -> 0 | V8: =+S8 -> 0 | Y8: =+X8+V8+U8 -> 0
A9: =+A8+1 -> 5 | U9: =+L9+P9+Q9+R9 -> 0 | V9: =+S9 -> 0 | Y9: =+X9+V9+U9 -> 0
A10: =+A9+1 -> 6 | U10: =+L10+P10+Q10+R10 -> 0 | V10: =+S10 -> 0 | Y10: =+X10+V10+U10 -> 0
A11: =+A10+1 -> 7 | U11: =+L11+P11+Q11+R11 -> 0 | V11: =+S11 -> 0 | Y11: =+X11+V11+U11 -> 0
A12: =+A11+1 -> 8 | U12: =+L12+P12+Q12+R12 -> 0 | V12: =+S12 -> 0 | Y12: =+X12+V12+U12 -> 0
A13: =+A12+1 -> 9 | U13: =+L13+P13+Q13+R13 -> 0 | V13: =+S13 -> 0 | Y13: =+X13+V13+U13 -> 0
A14: =+A13+1 -> 10 | U14: =+L14+P14+Q14+R14 -> 0 | V14: =+S14 -> 0 | Y14: =+X14+V14+U14 -> 0
A15: =+A14+1 -> 11 | U15: =+L15+P15+Q15+R15 -> 0 | V15: =+S15 -> 0 | Y15: =+X15+V15+U15 -> 0
A16: =+A15+1 -> 12 | U16: =+L16+P16+Q16+R16 -> 0 | V16: =+S16 -> 0 | Y16: =+X16+V16+U16 -> 0
A17: =+A16+1 -> 13 | U17: =+L17+P17+Q17+R17 -> 0 | V17: =+S17 -> 0 | Y17: =+X17+V17+U17 -> 0
... A41: =+A40+1 -> 37 | U41: =+L41+P41+Q41+R41 -> 0 | V41: =+S41 -> 0 | Y41: =+X41+V41+U41 -> 0

Sheet CHÍNH NGUYÊN
A2: THEO DÕI HÀNG HÓA TẠM ỨNG, THANH TOÁN, ĐIỀU XE - CHÍNH NGUYÊN
B3: MST: | C3: 3700650295 | D3: NOTE: 16h là k cho xuống hàng, 18h là k cho nhập hàng nữa | K3: Công Ty TNHH Ngũ Kim Chính Nguyên Việt Nam | P3: dc: Khu phố Ông Đông, Phường Tân Hiệp, Thành Phố Hồ Chí Minh
A4: STT | B4: NGÀY ĐÓNG/GIAO HÀNG | C4: Số TK | D4: Ngày ĐK | E4: Tạo Job | F4: X/N | G4: 20' | H4: 40' | I4: LCL | J4: G.W | K4: Vận đơn/ BOOKING | L4: LCL / CONT NO. | M4: LUỒNG | N4: ETA/ETD CUT OFF | O4: SỐ XE | P4: Phí C/O | Q4: PHỤ PHÍ NÂNG | R4: PHÍ NÂNG | S4: PHÍ HẠ | T4: PHÍ CSHT | U4: PHÍ CHỨNG TỪ (TM) | V4: PHÍ CHỨNG TỪ (ST CK) | W4: PHÍ DEM/DET | X4: Tờ khai thứ 2 | Y4: TỔNG CHI HỘ (CASH) | Z4: TỔNG CHI HỘ (ST CK) | AA4: GHI CHÚ PHÁT SINH | AB4: PHÍ DỊCH VỤ GN | AC4: DT BẢNG KÊ (GỒM VAT) | AD4: GIAO BẢNG KÊ | AE4: CHI HỘ OBH | AF4: CSHT | AG4: GHI CHÚ
A5: 1 | C5: 305626091320 305626224210 | D5: 27/06/2023 | E5: KGN-23071522 | F5: XUẤT | H5: 1 | J5: 20077 | K5: CULVSGN2303129 | L5: TLLU7945345 | M5: X | R5: 1450000 | S5: 709500 | T5: 500000 | X5: 400000 | Y5: =Q5+T5+U5+W5 -> 500000 | Z5: =+V5 -> 0 | AB5: =7100000 -> 7100000 | AC5: =((AB5+X5)*1.08)+Y5 -> 8600000 | AE5: KGN-PR-2307587 | AF5: KGN-PR-2307589
A6: 2 | C6: 305663246620 | D6: 13/07/2023 | E6: KGN-23071525 | F6: XUẤT | I6: 1 | J6: 1982 | K6: SE0715 | L6: LCL | M6: X | T6: 29730 | Y6: =Q6+T6+U6+W6 -> 29730 | Z6: =+V6 -> 0 | AA6: 6.240 CBM | AB6: 3250000 | AC6: =((AB6+X6)*1.08)+Y6 -> 3539730
A7: 3 | C7: 305663329810 | D7: 13/07/2023 | E7: KGN-23071526 | F7: XUẤT | I7: 1 | J7: 1959 | K7: SE0714 | L7: LCL | M7: X | T7: 29385 | Y7: =Q7+T7+U7+W7 -> 29385 | Z7: =+V7 -> 0 | AA7: 6.240 CBM | AB7: 3250000 | AC7: =((AB7+X7)*1.08)+Y7 -> 3539385
A8: 4 | C8: 305642302250 305642305900 | D8: 04/07/2023 | E8: KGN-23071528 | F8: XUẤT | H8: 1 | J8: =17516.45+4466.52 -> 21982.97 | K8: CULVSGN2303647 | L8: FFAU4253036 | M8: X | T8: 500000 | X8: 400000 | Y8: =Q8+T8+U8+W8 -> 500000 | Z8: =+V8 -> 0 | AA8: CƯỚC SOTRANS | AB8: =7100000 -> 7100000 | AC8: =((AB8+X8)*1.08)+Y8 -> 8600000
A9: 5 | C9: 105564026410 105564149501 | D9: 06/07/2023 | E9: KGN-23071545 | F9: NHẬP | G9: 1 | J9: 20972 | K9: PTNCLP2360004 | L9: TEMU5626163 | M9: X-V | Q9: 167400 | R9: 394200 | T9: 250000 | X9: 400000 | Y9: =Q9+T9+U9+W9 -> 417400 | Z9: =+V9 -> 0 | AB9: 6730000 | AC9: =((AB9+X9)*1.08)+Y9 -> 8117800
A10: 6 | C10: 105563856530 | D10: 06/07/2023 | E10: KGN-23071549 | F10: NHẬP | G10: 1 | J10: 21374 | K10: PKECLP2360126 | L10: IAAU2884590 | M10: X | Q10: 167400 | R10: 394200 | T10: 250000 | Y10: =Q10+T10+U10+W10 -> 417400 | Z10: =+V10 -> 0 | AB10: 6730000 | AC10: =((AB10+X10)*1.08)+Y10 -> 7685800
A11: 7 | C11: 305670154220 305670600120 | D11: 17/07/2023 | E11: KGN-23071550 | F11: XUẤT | H11: 1 | J11: =20123.57+4711.03 -> 24834.6 | K11: CULVSGN2303648 | L11: DFSU7242000 | M11: X | T11: 500000 | X11: 400000 | Y11: =Q11+T11+U11+W11 -> 500000 | Z11: =+V11 -> 0 | AB11: =7100000 -> 7100000 | AC11: =((AB11+X11)*1.08)+Y11 -> 8600000
A12: 8 | C12: 105587149510 105587026050 | D12: 17/07/2023 | E12: KGN-23071553 | F12: NHẬP | H12: 1 | J12: 24995 | K12: PTNCLP2370001 | L12: OOLU6836320 | M12: X-V | R12: 696600 | T12: 500000 | X12: 400000 | Y12: =Q12+T12+U12+W12 -> 500000 | Z12: =+V12 -> 0 | AB12: 7150000 | AC12: =((AB12+X12)*1.08)+Y12 -> 8654000
A13: 9 | C13: 305673633660 305673692240 | D13: 18/07/2023 | E13: KGN-23071551 | F13: XUẤT | H13: 1 | J13: =19368.04+4977.27 -> 24345.31 | K13: CULVSGN2303681 | L13: CULU6023479 | M13: X | T13: 500000 | X13: 400000 | Y13: =Q13+T13+U13+W13 -> 500000 | Z13: =+V13 -> 0 | AB13: =7100000 -> 7100000 | AC13: =((AB13+X13)*1.08)+Y13 -> 8600000
A14: 10 | C14: 305692048600 305691900200 | D14: 25/07/2023 | E14: KGN-23071552 | F14: XUẤT | H14: 1 | J14: =21008.23+3923.76 -> 24931.99 | K14: CULVSGN2304140 | L14: SEKU6488236 | M14: X | T14: 500000 | X14: 400000 | Y14: =Q14+T14+U14+W14 -> 500000 | Z14: =+V14 -> 0 | AB14: =7100000 -> 7100000 | AC14: =((AB14+X14)*1.08)+Y14 -> 8600000
A15: 11 | C15: 105609763230 105609811050 | D15: 26/07/2023 | E15: KGN-23071554 | F15: NHẬP | H15: 1 | J15: 24997 | K15: CTOHCM2307540 | L15: OOCU8820861 | M15: X-V | Q15: 302400 | R15: 696600 | T15: 500000 | X15: 400000 | Y15: =Q15+T15+U15+W15 -> 802400 | Z15: =+V15 -> 0 | AB15: 7150000 | AC15: =((AB15+X15)*1.08)+Y15 -> 8956400
A16: THÁNG 08/2023 | X16: =SUM(X5:X15) -> 3200000 | Y16: =SUM(Y5:Y15) -> 4696315 | Z16: =SUM(Z5:Z15) -> 0 | AB16: =SUM(AB5:AB15) -> 69760000 | AC16: =((AB16+X16)*1.08)+Y16 -> 83493115
A17: 1 | C17: 105620231360 105620140510 | D17: 45139 | E17: KGN-23080087 | F17: NHẬP | H17: 1 | J17: 24887 | K17: PTNCLP2370003 | L17: OOCU8973710 | M17: X-V | R17: 696600 | T17: 500000 | X17: 400000 | Y17: =Q17+T17+U17+W17 -> 500000 | Z17: =+V17 -> 0 | AB17: 7150000 | AC17: =((AB17+X17)*1.08)+Y17 -> 8654000 | AD17: =+X17+AB17 -> 7550000 | AE17: KGN-PR-23080475
A18: =+A17+1 -> 2 | C18: 305710789810 305710373750 | D18: 45139 | E18: KGN-23080092 | F18: =+F14 -> XUẤT | H18: 1 | J18: =17986.82+6024.38 -> 24011.2 | K18: CULVSGN2304255 | L18: FFAU4642249 | M18: X | T18: 500000 | X18: 400000 | Y18: =Q18+T18+U18+W18 -> 500000 | Z18: =+V18 -> 0 | AA18: CƯỚC SOTRANS | AB18: 7100000 | AC18: =((AB18+X18)*1.08)+Y18 -> 8600000 | AD18: =+X18+AB18 -> 7500000
A19: =+A18+1 -> 3 | C19: 305727820810 305727905510 | D19: 45147 | E19: KGN-23080410 | F19: XUẤT | H19: 1 | J19: =16462.21+7816.99 -> 24279.2 | K19: CULVSGN2304256 | L19: TRHU7405798 | M19: X-V | T19: 500000 | X19: 400000 | Y19: =Q19+T19+U19+W19 -> 500000 | Z19: =+V19 -> 0 | AA19: CƯỚC SOTRANS | AB19: 7100000 | AC19: =((AB19+X19)*1.08)+Y19 -> 8600000 | AD19: =+X19+AB19 -> 7500000
A20: =+A19+1 -> 4 | C20: 305753832920 | D20: 21/08/2023 | E20: KGN-23081132 | F20: XUẤT | I20: 1 | J20: 2202 | K20: SE0815 | M20: X | T20: 33030 | Y20: =Q20+T20+U20+W20 -> 33030 | Z20: =+V20 -> 0 | AA20: 6.230 CBM | AB20: 3250000 | AC20: =((AB20+X20)*1.08)+Y20 -> 3543030 | AD20: =+X20+AB20 -> 3250000
A21: =+A20+1 -> 5 | C21: 305753884460 | D21: 21/08/2023 | E21: KGN-23081133 | F21: XUẤT | I21: 1 | J21: 305 | K21: SE0816 | M21: X | T21: 4575 | Y21: =Q21+T21+U21+W21 -> 4575 | Z21: =+V21 -> 0 | AA21: 0.810 CBM | AB21: 2980000 | AC21: =((AB21+X21)*1.08)+Y21 -> 3222975 | AD21: =+X21+AB21 -> 2980000
A22: =+A21+1 -> 6 | C22: 305754340050 305754482520 | D22: 21/08/2023 | E22: KGN-23081245 | F22: XUẤT | H22: 1 | J22: =19183.15+5736.94 -> 24920.09 | K22: CULVSGN2304166 | L22: TRHU7404425 | M22: X | T22: 500000 | X22: 400000 | Y22: =Q22+T22+U22+W22 -> 500000 | Z22: =+V22 -> 0 | AB22: 7100000 | AC22: =((AB22+X22)*1.08)+Y22 -> 8600000 | AD22: =+X22+AB22 -> 7500000
A23: =+A22+1 -> 7 | C23: 305756654140 305756903930 | D23: 22/08/2023 | E23: KGN-23081355 | F23: XUẤT | H23: 1 | J23: =7752.62+17129.8 -> 24882.42 | K23: CULVSGN2304167 | L23: FFAU4360688 | M23: X | T23: 500000 | X23: 400000 | Y23: =Q23+T23+U23+W23 -> 500000 | Z23: =+V23 -> 0 | AB23: 7100000 | AC23: =((AB23+X23)*1.08)+Y23 -> 8600000 | AD23: =+X23+AB23 -> 7500000
A24: =+A23+1 -> 8 | C24: 105670072760 | D24: 24/08/2023 | E24: KGN-23081519 | F24: NHẬP | H24: 1 | J24: 23319 | K24: PKECLP2380027 | L24: IAAU4685556 | M24: X | R24: 696600 | T24: 500000 | Y24: =Q24+T24+U24+W24 -> 500000 | Z24: =+V24 -> 0 | AB24: 7150000 | AC24: =((AB24+X24)*1.08)+Y24 -> 8222000 | AD24: =+X24+AB24 -> 7150000
A25: =+A24+1 -> 9 | C25: 105670177910 | D25: 24/08/2023 | E25: KGN-23081521 | F25: NHẬP | G25: 1 | J25: 20706 | K25: PKECLP2380026 | L25: IAAU2816826 | M25: X | R25: 394200 | T25: 250000 | Y25: =Q25+T25+U25+W25 -> 250000 | Z25: =+V25 -> 0 | AB25: 6730000 | AC25: =((AB25+X25)*1.08)+Y25 -> 7518400 | AD25: =+X25+AB25 -> 6730000
A26: THÁNG 09/2023 | X26: =SUM(X17:X25) -> 2000000 | Y26: =SUM(Y17:Y25) -> 3287605 | Z26: =SUM(Z15:Z23) -> 0 | AB26: =SUM(AB17:AB25) -> 55660000 | AC26: =((AB26+X26)*1.08)+Y26 -> 65560405
A27: 1 | C27: 305775160630 305775028550 | D27: 29/08/2023 | E27: KGN-23081798 | F27: XUẤT | H27: 1 | J27: 27969 | K27: 039DX52247 | L27: WHLU5662696 | M27: X | T27: 500000 | X27: 400000 | Y27: =Q27+T27+U27+W27 -> 500000 | Z27: =+V27 -> 0 | AB27: 7100000 | AC27: =((AB27+X27)*1.08)+Y27 -> 8600000 | AE27: KGN-PR-2309541 | AF27: KGN-PR-2309539
A28: =+A27+1 -> 2 | C28: 305786698250 305786922030 305786963700 | D28: 45174 | E28: KGN-23092986 | F28: XUẤT | G28: 1 | J28: 14134.62 | K28: CULVSGN2304867 | L28: FTAU1673789 | M28: X | T28: 250000 | X28: 800000 | Y28: =Q28+T28+U28+W28 -> 250000 | Z28: =+V28 -> 0 | AB28: 6180000 | AC28: =((AB28+X28)*1.08)+Y28 -> 7788400
A29: =+A28+1 -> 3 | C29: 305803595810 305803348010 | D29: 45181 | E29: KGN-23093394 | F29: XUẤT | H29: 1 | J29: 24459.14 | K29: CULVSGN2304978 | L29: TRHU5040622 | M29: X | T29: 500000 | X29: 400000 | Y29: =Q29+T29+U29+W29 -> 500000 | Z29: =+V29 -> 0 | AA29: CƯỚC SOTRANS | AB29: 7100000 | AC29: =((AB29+X29)*1.08)+Y29 -> 8600000
A30: =+A32+1 -> 5 | C30: 305822436900 305822493560 | D30: 20/09/2023 | E30: KGN-23094063 | F30: XUẤT | G30: 1 | J30: =5103+118.8 -> 5221.8 | K30: ONEYSGNDE9259600 | L30: TCLU6834502 | M30: X | T30: 250000 | X30: 400000 | Y30: =Q30+T30+U30+W30 -> 250000 | Z30: =+V30 -> 0 | AB30: 6180000 | AC30: =((AB30+X30)*1.08)+Y30 -> 7356400
A31: =+A30+1 -> 6 | C31: 305823898020 305824128760 | D31: 20/09/2023 | E31: KGN-23094064 | F31: XUẤT | H31: 1 | J31: =15434.31+9263 -> 24697.31 | K31: CULVSGN2304979 | L31: BEAU5550769 | M31: X | T31: 500000 | X31: 400000 | Y31: =Q31+T31+U31+W31 -> 500000 | Z31: =+V31 -> 0 | AA31: CƯỚC SOTRANS | AB31: 7100000 | AC31: =((AB31+X31)*1.08)+Y31 -> 8600000
A32: =+A29+1 -> 4 | C32: 105724439700 | D32: 18/09/2023 | E32: KGN-23093772 | F32: NHẬP | G32: 1 | J32: 20870 | K32: PKECLP2390048 | L32: IAAU2697373 | M32: X | Q32: 167400 | R32: 394200 | T32: 250000 | Y32: =Q32+T32+U32+W32 -> 417400 | Z32: =+V32 -> 0 | AB32: 6730000 | AC32: =((AB32+X32)*1.08)+Y32 -> 7685800
A33: =+A31+1 -> 7 | C33: 105698663600 | D33: 45175 | E33: KGN-23094302 | F33: NHẬP | I33: 1 | J33: 5420 | K33: TJNS23080118 | M33: V | T33: 81300 | Y33: =Q33+T33+U33+W33 -> 81300 | Z33: =+V33 -> 0 | AA33: LINH KIỆN | AB33: =3370000+674000 -> 4044000 | AC33: =((AB33+X33)*1.08)+Y33 -> 4448820
A34: THÁNG 10/2023 | X34: =SUM(X27:X33) -> 2400000 | Y34: =SUM(Y27:Y33) -> 2498700 | Z34: =SUM(Z23:Z31) -> 0 | AB34: =SUM(AB27:AB33) -> 44434000 | AC34: =SUM(AC27:AC33) -> 53079420
A35: 1 | C35: 105747323140 105746217400 | D35: 27/09/2023 | E35: KGN-23094551 | F35: NHẬP | H35: 2 | J35: 24874.75 | K35: CTOHCM2309546OFS | L35: CSNU6270889 FFAU2447921 | M35: ĐỎ | Q35: 302400 | R35: 1998000 | T35: 1000000 | V35: 950000 | W35: 655020 | X35: 400000 | Y35: =Q35+T35+U35+W35+V35 -> 2907420 | Z35: =+V35 -> 950000 | AA35: CỘNG 560K PHỤ PHÍ NÂNG | AB35: =(7150000*2)+560000 -> 14860000 | AC35: =((AB35+X35)*1.08)+Y35 -> 19388220
A36: =+A41+1 -> 6 | C36: 105788259250 | D36: 16/10/2023 | E36: KGN-23102370 | F36: NHẬP | G36: 1 | J36: 21106 | K36: PKECLP23A0012 | L36: IAAU2835322 | M36: X | T36: 250000 | Y36: =Q36+T36+U36+W36+V36 -> 250000 | Z36: =+V36 -> 0 | AB36: 6730000 | AC36: =((AB36+X36)*1.08)+Y36 -> 7518400
A37: =+A44+1 -> 10 | C37: 105809315400 105810880710 | D37: 24/10/2023 | E37: KGN-23103127 | F37: NHẬP | G37: 1 | J37: =24190+800 -> 24990 | K37: EPIRCHNCWA246979 EPIRCHNCWA246982 | L37: ESDU1206873 | M37: V | T37: 250000 | X37: 400000 | Y37: =Q37+T37+U37+W37+V37 -> 250000 | Z37: =+V37 -> 0 | AB37: 6730000 | AC37: =((AB37+X37)*1.08)+Y37 -> 7950400
A38: =+A35+1 -> 2 | C38: 305848032730 305847923530 | D38: 28/09/2023 | E38: KGN-23094719 | F38: XUẤT | G38: 1 | J38: 15059.07 | K38: CULVSGN2304980 | L38: UETU2453775 | M38: X | T38: 250000 | X38: 400000 | Y38: =Q38+T38+U38+W38+V38 -> 250000 | Z38: =+V38 -> 0 | AA38: CƯỚC SOTRANS | AB38: 6180000 | AC38: =((AB38+X38)*1.08)+Y38 -> 7356400
A39: =+A38+1 -> 3 | C39: 305859380760 305859399110 305859442030 | D39: 3/10/2023 | E39: KGN-23101745 | F39: XUẤT | H39: 1 | J39: 28034 | K39: 039DX59006 | L39: WHSU6229048 | M39: V | T39: 500000 | X39: 800000 | Y39: =Q39+T39+U39+W39+V39 -> 500000 | Z39: =+V39 -> 0 | AB39: 7100000 | AC39: =((AB39+X39)*1.08)+Y39 -> 9032000
A40: =+A39+1 -> 4 | C40: 305856633520 305856770020 | D40: 02/10/2023 | E40: KGN-23101746 | F40: XUẤT | I40: 1 | J40: 3792 | K40: SE231002 | M40: X | T40: 891 | X40: 400000 | Y40: =Q40+T40+U40+W40+V40 -> 891 | Z40: =+V40 -> 0 | AB40: 3370000 | AC40: =((AB40+X40)*1.08)+Y40 -> 4072491
A41: =+A40+1 -> 5 | C41: 305876341800 305876487140 | D41: 45209 | E41: KGN-23102024 | F41: XUẤT | H41: 1 | J41: =18486+6518 -> 25004 | K41: 039DX59007 | L41: WHSU6245136 | M41: X | T41: 500000 | X41: 400000 | Y41: =Q41+T41+U41+W41+V41 -> 500000 | Z41: =+V41 -> 0 | AB41: 7100000 | AC41: =((AB41+X41)*1.08)+Y41 -> 8600000
A42: =+A36+1 -> 7 | C42: 305893002720 | D42: 16/10/2023 | E42: KGN-23102464 | F42: XUẤT | I42: 1 | J42: 1358 | K42: SE231008 | M42: X | T42: 20370 | Y42: =Q42+T42+U42+W42+V42 -> 20370 | Z42: =+V42 -> 0 | AB42: 3150000 | AC42: =((AB42+X42)*1.08)+Y42 -> 3422370
A43: =+A42+1 -> 8 | C43: 305894920130 305895584100 | D43: 17/10/2023 | E43: KGN-23102578 | F43: XUẤT | G43: 1 | J43: 16993.13 | K43: 039DX61859 | L43: WHSU2797538 | M43: X | T43: 250000 | X43: 400000 | Y43: =Q43+T43+U43+W43+V43 -> 250000 | Z43: =+V43 -> 0 | AB43: 6180000 | AC43: =((AB43+X43)*1.08)+Y43 -> 7356400
A44: =+A43+1 -> 9 | C44: 305915376450 305915638620 | D44: 24/10/2023 | E44: KGN-23103117 | F44: XUẤT | H44: 1 | J44: =15972+8874 -> 24846 | K44: 039DX65082 | L44: WHSU5950888 | M44: X | T44: 500000 | X44: 400000 | Y44: =Q44+T44+U44+W44+V44 -> 500000 | Z44: =+V44 -> 0 | AA44: CƯỚC SOTRANS | AB44: 7100000 | AC44: =((AB44+X44)*1.08)+Y44 -> 8600000
A45: THÁNG 11/2023 | X45: =SUM(X38:X44) -> 2800000 | Y45: =SUM(Y38:Y44) -> 2021261 | Z45: =SUM(Z34:Z42) -> 950000 | AB45: =SUM(AB38:AB44) -> 40180000 | AC45: =SUM(AC38:AC44) -> 48439661
A46: 1 | C46: 105835954340 | D46: 31/10/2023 | E46: KGN-23110006 | F46: NHẬP | H46: 1 | J46: 24962 | K46: CKEHCM2310561OFS | L46: CCLU5297001 | M46: X | R46: 696600 | T46: 500000 | Y46: =Q46+T46+U46+W46 -> 500000 | Z46: =+V46 -> 0 | AB46: 7150000 | AC46: =((AB46+X46)*1.08)+Y46 -> 8222000
A47: =+A46+1 -> 2 | C47: 305941735430 305941752230 | D47: 45231 | E47: KGN-23110060 | F47: X | H47: 1 | J47: =19668.51+5348.03 -> 25016.54 | K47: 039DX65068 | L47: WHLU5700965 | M47: X | T47: 500000 | X47: 400000 | Y47: =Q47+T47+U47+W47 -> 500000 | Z47: =+V47 -> 0 | AA47: CƯỚC SOTRANS | AB47: 7100000 | AC47: =((AB47+X47)*1.08)+Y47 -> 8600000
A48: =+A47+1 -> 3 | C48: 105834333950 105834400340 | D48: 31/10/2023 | E48: KGN-23110279 | F48: NHẬP | H48: 1 | J48: 24926 | K48: PTNCLP23A0006 | L48: TSSU5024782 | M48: V | Q48: 453600 | R48: 696600 | T48: 500000 | W48: 880000 | X48: 400000 | Y48: =Q48+T48+U48+W48 -> 1833600 | Z48: =+V48 -> 0 | AB48: 7150000 | AC48: =((AB48+X48)*1.08)+Y48 -> 9987600
A49: =+A48+1 -> 4 | C49: 305957625430 305957477730 | D49: 45237 | E49: KGN-23110416 | F49: X | G49: 1 | J49: =12380.48+2284.02 -> 14664.5 | K49: 039DX68850 | L49: WHSU2409632 | M49: X | T49: 250000 | X49: 400000 | Y49: =Q49+T49+U49+W49 -> 250000 | Z49: =+V49 -> 0 | AB49: 6180000 | AC49: =((AB49+X49)*1.08)+Y49 -> 7356400
A50: =+A49+1 -> 5 | C50: 105867124310 105862693750 | D50: 13/11/2023 | E50: KGN-23110985 | F50: NHẬP | I50: 1 | J50: 1773.5 | K50: AMIGL230482318A | M50: X | Q50: 26863 | T50: 26603 | X50: 400000 | Y50: =Q50+T50+U50+W50 -> 53466 | Z50: =+V50 -> 0 | AB50: 3250000 | AC50: =((AB50+X50)*1.08)+Y50 -> 3995466
A51: =+A50+1 -> 6 | C51: 305978541540 305978393510 | D51: 15/11/2023 | E51: KGN-23110984 | F51: X | G51: 1 | J51: =8639.96+5219.47 -> 13859.43 | K51: 039DX68849 | L51: BSIU3186940 | M51: X | T51: 250000 | X51: 400000 | Y51: =Q51+T51+U51+W51 -> 250000 | Z51: =+V51 -> 0 | AB51: 6180000 | AC51: =((AB51+X51)*1.08)+Y51 -> 7356400
A52: =+A51+1 -> 7 | C52: 105878782110 | D52: 16/11/2023 | E52: KGN-23111219 | F52: NHẬP | G52: 1 | J52: 20314 | K52: PKECLP23B0026 | L52: TGBU3676340 | M52: X | Q52: 167400 | R52: 394200 | T52: 250000 | Y52: =Q52+T52+U52+W52 -> 417400 | Z52: =+V52 -> 0 | AB52: 6730000 | AC52: =((AB52+X52)*1.08)+Y52 -> 7685800
A53: =+A52+1 -> 8 | C53: 305997306110 305996527820 | D53: 20/11/2023 | E53: KGN-23111376 | F53: X | I53: 1 | J53: =1734.45+44.55 -> 1779 | K53: SE231107 | M53: X | T53: 669 | X53: 400000 | Y53: =Q53+T53+U53+W53 -> 669 | Z53: =+V53 -> 0 | AB53: 3250000 | AC53: =((AB53+X53)*1.08)+Y53 -> 3942669
A54: =+A53+1 -> 9 | C54: 306007019640 306007484810 | D54: 22/11/2023 | E54: KGN-23111491 | F54: X | H54: 1 | J54: =17257.5+7564.57 -> 24822.07 | K54: 039DX71222 | L54: WHSU5302925 | M54: X | T54: 500000 | X54: 400000 | Y54: =Q54+T54+U54+W54 -> 500000 | Z54: =+V54 -> 0 | AA54: CƯỚC SOTRANS | AB54: 7100000 | AC54: =((AB54+X54)*1.08)+Y54 -> 8600000
A55: THÁNG 12/2023 | X55: =SUM(X48:X54) -> 2400000 | Y55: =SUM(Y48:Y54) -> 3305135 | Z55: =SUM(Z44:Z52) -> 950000 | AB55: =SUM(AB48:AB54) -> 39840000 | AC55: =SUM(AC48:AC54) -> 48924335
A56: 1 | C56: 105915764950 | D56: 27/11/2023 | E56: KGN-23111892 | F56: NHẬP | H56: 1 | J56: 24787 | K56: PKECLP23B0043 | L56: DFSU4366408 | M56: X | Q56: 453600 | R56: 696600 | T56: 500000 | W56: 386842 | Y56: =Q56+T56+U56+W56 -> 1340442 | Z56: =+V56 -> 0 | AB56: 7150000 | AC56: =((AB56+X56)*1.08)+Y56 -> 9062442
A57: =+A56+1 -> 2 | C57: 306031948300 306032036020 | D57: 29/11/2023 | E57: KGN-23112085 | F57: X | G57: 1 | J57: =3820.93+11068.93 -> 14889.86 | K57: 039DX71293 | L57: WHSU2384581 | M57: X | T57: 250000 | X57: 400000 | Y57: =Q57+T57+U57+W57 -> 250000 | Z57: =+V57 -> 0 | AA57: CƯỚC SOTRANS | AB57: 6180000 | AC57: =((AB57+X57)*1.08)+Y57 -> 7356400
A58: =+A57+1 -> 3 | C58: 105942306300 | D58: 45267 | E58: KGN-23120353 | F58: NHẬP | H58: 1 | J58: 24998 | K58: CTOHCM2311604 | L58: OOCU8492850 | M58: X | R58: 696600 | T58: 500000 | Y58: =Q58+T58+U58+W58 -> 500000 | Z58: =+V58 -> 0 | AB58: 7150000 | AC58: =((AB58+X58)*1.08)+Y58 -> 8222000
A59: =+A58+1 -> 4 | C59: 306048432600 306048531300 | D59: 45266 | E59: KGN-23120355 | F59: X | H59: 1 | J59: 25109.5 | K59: 039DX74974 | L59: WHSU6755000 | M59: X | T59: 500000 | X59: 400000 | Y59: =Q59+T59+U59+W59 -> 500000 | Z59: =+V59 -> 0 | AB59: 7100000 | AC59: =((AB59+X59)*1.08)+Y59 -> 8600000
A60: =+A59+1 -> 5 | C60: 105941408900 105941958511 | D60: 45267 | E60: KGN-23120357 | F60: NHẬP | H60: 1 | J60: 24881.5 | K60: CSSGN23B0261 | L60: SEGU5629130 | M60: X | Q60: 302400 | R60: 696600 | T60: 500000 | X60: 400000 | Y60: =Q60+T60+U60+W60 -> 802400 | Z60: =+V60 -> 0 | AB60: 7150000 | AC60: =((AB60+X60)*1.08)+Y60 -> 8956400
A61: =+A60+1 -> 6 | C61: 105955596940 | D61: 13/12/2023 | E61: KGN-23120800 | F61: NHẬP | G61: 1 | J61: 21323 | K61: PKECLP23C0016 | L61: SLSU2087443 | M61: X | Q61: 167400 | R61: 394200 | T61: 250000 | Y61: =Q61+T61+U61+W61 -> 417400 | Z61: =+V61 -> 0 | AB61: 6730000 | AC61: =((AB61+X61)*1.08)+Y61 -> 7685800
A62: =+A61+1 -> 7 | C62: 306064374950 306064336230 | D62: 13/12/2023 | E62: KGN-23120801 | F62: x | G62: 1 | J62: 16954,49 | K62: 039DX76563 | L62: WHSU2404538 | M62: X | T62: 250000 | X62: 400000 | Y62: =Q62+T62+U62+W62 -> 250000 | Z62: =+V62 -> 0 | AB62: 6180000 | AC62: =((AB62+X62)*1.08)+Y62 -> 7356400
A63: =+A62+1 -> 8 | C63: 306063563540 | D63: 13/12/2023 | E63: KGN-23120802 | F63: X | G63: 1 | J63: 8743 | K63: 039DX78076 | L63: WHSU2220741 | M63: V | T63: 250000 | Y63: =Q63+T63+U63+W63 -> 250000 | Z63: =+V63 -> 0 | AB63: 6180000 | AC63: =((AB63+X63)*1.08)+Y63 -> 6924400
A64: =+A63+1 -> 9 | C64: 306075055000 306075024420 | D64: 18/12/2023 | E64: KGN-23121068 | F64: X | I64: 1 | J64: 2486.5 | K64: SE231212 | M64: X | T64: 446 | X64: 400000 | Y64: =Q64+T64+U64+W64 -> 446 | Z64: =+V64 -> 0 | AB64: 3250000 | AC64: =((AB64+X64)*1.08)+Y64 -> 3942446
A65: =+A64+1 -> 10 | C65: 306075127430 | D65: 18/12/2023 | E65: KGN-23121070 | F65: X | I65: 1 | J65: 2061 | K65: SE231211 | M65: X | T65: 30915 | Y65: =Q65+T65+U65+W65 -> 30915 | Z65: =+V65 -> 0 | AB65: 3250000 | AC65: =((AB65+X65)*1.08)+Y65 -> 3540915
A66: =+A65+1 -> 11 | C66: 306080964840 306081095410 | D66: 20/12/2023 | E66: KGN-23121351 | F66: X | H66: 1 | J66: =16553.77+7880.32 -> 24434.09 | K66: 039DX76605 | L66: WHSU5705216 | M66: X | T66: 500000 | X66: 400000 | Y66: =Q66+T66+U66+W66 -> 500000 | Z66: =+V66 -> 0 | AA66: CƯỚC SOTRANS | AB66: 7100000 | AC66: =((AB66+X66)*1.08)+Y66 -> 8600000
A67: =+A66+1 -> 12 | C67: 105967996040 | D67: 20/12/2023 | E67: KGN-23121353 | F67: NHẬP | H67: 1 | J67: 13404 | K67: YMJAI221066521 | L67: TCNU4754133 | M67: ĐỎ | Q67: =1020600+453600 -> 1474200 | R67: 696600 | T67: 500000 | W67: 475000 | Y67: =Q67+T67+U67+W67 -> 2449200 | Z67: =+V67 -> 0 | AA67: PHỤ TÙNG | AB67: 7050000 | AC67: =((AB67+X67)*1.08)+Y67 -> 10063200
A68: THÁNG 01/2024 | X68: =SUM(X56:X67) -> 2400000 | Y68: =SUM(Y56:Y67) -> 7290803 | Z68: =SUM(Z56:Z67) -> 0 | AB68: =SUM(AB56:AB67) -> 74470000 | AC68: =SUM(AC56:AC67) -> 90310403
A69: 1 | C69: 306099179800 306099261920 | D69: 27/12/2023 | E69: KGN-23121899 | F69: X | H69: 1 | J69: 24166.42 | K69: 039DX80036 | L69: WHSU6460078 | T69: 500000 | X69: 400000 | Y69: =Q69+T69+U69+W69 -> 500000 | Z69: =+V69 -> 0 | AA69: CƯỚC SOTRANS | AB69: 7100000 | AC69: =((AB69+X69)*1.08)+Y69 -> 8600000 | AD69: =(AB69+X69)*1.08 -> 8100000
A70: =+A69+1 -> 2 | C70: 306102216510 | D70: 28/12/2023 | E70: KGN-23121901 | F70: X | G70: 1 | J70: 1738.5 | K70: 2730284720 | L70: OOLU1863174 | T70: 250000 | Y70: =Q70+T70+U70+W70 -> 250000 | Z70: =+V70 -> 0 | AB70: 6180000 | AC70: =((AB70+X70)*1.08)+Y70 -> 6924400 | AD70: =(AB70+X70)*1.08 -> 6674400
A71: =+A70+1 -> 3 | C71: 306112210260 306112305610 | D71: 03/01/2024 | E71: KGN-24010266 | F71: X | H71: 1 | J71: 28836.48 | K71: 039DX80038 | L71: WHSU5037992 | T71: 500000 | X71: 400000 | Y71: =Q71+T71+U71+W71 -> 500000 | Z71: =+V71 -> 0 | AA71: CƯỚC SOTRANS | AB71: 7150000 | AC71: =((AB71+X71)*1.08)+Y71 -> 8654000 | AD71: =(AB71+X71)*1.08 -> 8154000
A72: =+A71+1 -> 4 | C72: 106001873940 106000404160 106000322740 | D72: 09/01/2024 | E72: KGN-24010530 | F72: NHẬP | H72: 1 | J72: 19177 | K72: PTNCLP23C0005 | L72: TSSU5000986 | M72: V | Q72: =453600+226800 -> 680400 | R72: 696600 | T72: 500000 | W72: 1320000 | X72: 800000 | Y72: =Q72+T72+U72+W72 -> 2500400 | Z72: =+V72 -> 0 | AA72: MÁY MÓC | AB72: 7050000 | AC72: =((AB72+X72)*1.08)+Y72 -> 10978400 | AD72: =(AB72+X72)*1.08 -> 8478000
A73: =+A72+1 -> 5 | C73: 306128676400 306128604260 | D73: 45301 | E73: KGN-24011076 | F73: X | H73: 1 | J73: =20289+4678 -> 24967 | K73: 039DX82790 | L73: WHSU5580700 | M73: V | T73: 500000 | X73: 400000 | Y73: =Q73+T73+U73+W73 -> 500000 | Z73: =+V73 -> 0 | AB73: 7150000 | AC73: =((AB73+X73)*1.08)+Y73 -> 8654000 | AD73: =(AB73+X73)*1.08 -> 8154000
A74: =+A73+1 -> 6 | C74: 106017978400 | D74: 45302 | E74: KGN-24010648 | F74: NHẬP | G74: 1 | J74: 20632 | K74: PKECLP2410012 | L74: FCIU5293853 | R74: 394200 | T74: 500000 | Y74: =Q74+T74+U74+W74 -> 500000 | Z74: =+V74 -> 0 | AB74: =6730000 -> 6730000 | AC74: =((AB74+X74)*1.08)+Y74 -> 7768400 | AD74: =(AB74+X74)*1.08 -> 7268400
A75: =+A74+1 -> 7 | C75: 306146791700 306146705600 | D75: 17/01/2024 | E75: KGN-24011036 | F75: X | H75: 1 | J75: 28405.77 | K75: 039DX82795 | L75: WHSU6005351 | T75: 500000 | X75: 400000 | Y75: =Q75+T75+U75+W75 -> 500000 | Z75: =+V75 -> 0 | AB75: 7150000 | AC75: =((AB75+X75)*1.08)+Y75 -> 8654000 | AD75: =(AB75+X75)*1.08 -> 8154000
A76: =+A75+1 -> 8 | C76: 306145774820 306145802930 | D76: 17/01/2024 | E76: KGN-24011037 | F76: X | I76: 1 | J76: 1676 | K76: SE240108 | T76: 1782 | X76: 400000 | Y76: =Q76+T76+U76+W76 -> 1782 | Z76: =+V76 -> 0 | AB76: 3250000 | AC76: =((AB76+X76)*1.08)+Y76 -> 3943782 | AD76: =(AB76+X76)*1.08 -> 3942000
A77: =+A76+1 -> 9 | C77: 306145841210 306145872120 | D77: 17/01/2024 | E77: KGN-24011039 | F77: X | I77: 1 | J77: 4846 | K77: SE240107 | T77: 1115 | X77: 400000 | Y77: =Q77+T77+U77+W77 -> 1115 | Z77: =+V77 -> 0 | AB77: 3370000 | AC77: =((AB77+X77)*1.08)+Y77 -> 4072715 | AD77: =(AB77+X77)*1.08 -> 4071600
A78: =+A77+1 -> 10 | C78: 106028600530 106028608340 | D78: 18/01/2024 | E78: KGN-24011337 | F78: NHẬP | H78: 1 | J78: 24916 | K78: CKEHCM2401011OFS | L78: CSNU6672131 | M78: V | Q78: 361800 | R78: 766800 | T78: 500000 | W78: 221040 | X78: 400000 | Y78: =Q78+T78+U78+W78 -> 1082840 | Z78: =+V78 -> 0 | AB78: 7150000 | AC78: =((AB78+X78)*1.08)+Y78 -> 9236840 | AD78: =(AB78+X78)*1.08 -> 8154000
A79: =+A78+1 -> 11 | C79: 106032515850 | D79: 19/01/2024 | E79: KGN-24011328 | F79: NHẬP | I79: 1 | J79: 820 | K79: QDWJ231257209 | M79: V | Q79: 121235 | T79: 12300 | Y79: =Q79+T79+U79+W79 -> 133535 | Z79: =+V79 -> 0 | AA79: MÁY MÓC | AB79: 3050000 | AC79: =((AB79+X79)*1.08)+Y79 -> 3427535 | AD79: =(AB79+X79)*1.08 -> 3294000
A80: =+A79+1 -> 12 | C80: 106045014830 106044970400 | D80: 24/01/2024 | E80: KGN-24011525 | F80: NHẬP | H80: 1 | J80: 24626 | K80: PTNCLP2410001 | L80: FFAU2798232 | M80: V | Q80: 545400 | R80: 766800 | T80: 500000 | W80: 332438 | X80: 400000 | Y80: =Q80+T80+U80+W80 -> 1377838 | Z80: =+V80 -> 0 | AB80: 7150000 | AC80: =((AB80+X80)*1.08)+Y80 -> 9531838 | AD80: =(AB80+X80)*1.08 -> 8154000
A81: THÁNG 02/2024 | X81: =SUM(X69:X77) -> 3200000 | Y81: =SUM(Y69:Y77) -> 5253297 | Z81: =SUM(Z69:Z77) -> 0 | AB81: =SUM(AB69:AB77) -> 55130000 | AC81: =SUM(AC69:AC77) -> 68249697 | AD81: =SUM(AD69:AD77) -> 62996400
A82: 1 | C82: 306102216510 | D82: 28/12/2023 | E82: KGN-23121901-BS1 | F82: X | G82: 1 | K82: 2730284720 | L82: OOLU1863174 | T82: 60000 | Y82: =Q82+T82+U82+W82 -> 60000 | Z82: =+V82 -> 0 | AA82: BỔ SUNG PHÍ LÀM CO | AB82: 800000 | AC82: =((AB82+X82)*1.08)+Y82 -> 924000 | AD82: =(AB82+X82)*1.08 -> 864000
A83: =+A82+1 -> 2 | C83: 306214356620 306214220010 | D83: 22/02/2024 | E83: KGN-24021024 | F83: X | H83: 1 | J83: 24924.83 | K83: 039EX06895 | L83: WHSU5714033 | M83: X | R83: 1300000 | S83: 766800 | T83: 500000 | U83: 1913703.7 | X83: 400000 | Y83: =Q83+T83+U83+W83 -> 2413703.7 | Z83: =+V83 -> 0 | AA83: CƯỚC SOTRANS | AB83: 7150000 | AC83: =((AB83+X83)*1.08)+Y83 -> 10567704 | AD83: =(AB83+X83)*1.08 -> 8154000
A84: =+A83+1 -> 3 | C84: 106091541730 | D84: 22/02/2024 | E84: KGN-24021030 | F84: NHẬP | H84: 1 | J84: 23620 | K84: PKECLP2420022 | L84: IAAU4685983 | M84: X | Q84: =671760 -> 671760 | R84: =766800+83160 -> 849960 | S84: 1250000 | T84: 500000 | U84: 1944407.4 | Y84: =Q84+T84+U84+W84 -> 3116167.4 | Z84: =+V84 -> 0 | AB84: 7150000 | AC84: =((AB84+X84)*1.08)+Y84 -> 10838167 | AD84: =(AB84+X84)*1.08 -> 7722000
A85: =+A84+1 -> 4 | C85: 106090494860 | D85: 22/02/2024 | E85: KGN-24021032 | F85: NHẬP | G85: 1 | J85: 20446 | K85: PKECLP2420024 | L85: BMOU1027878 | M85: X | Q85: =393120+59400 -> 452520 | R85: 432000 | S85: 415800 | T85: 250000 | U85: 785000 | Y85: =Q85+T85+U85+W85 -> 1487520 | Z85: =+V85 -> 0 | AB85: 6730000 | AC85: =((AB85+X85)*1.08)+Y85 -> 8755920 | AD85: =(AB85+X85)*1.08 -> 7268400
A86: =+A85+1 -> 5 | C86: 106091007850 106090065060 106089322030 | D86: 22/02/2024 | E86: KGN-24021037 | F86: NHẬP | G86: 1 | J86: 20194 | K86: PKECLP2420023 | L86: IAAU2832956 | M86: X | Q86: =393120+59400 -> 452520 | R86: 432000 | S86: 415800 | T86: 250000 | U86: 785000 | X86: 800000 | Y86: =Q86+T86+U86+W86 -> 1487520 | Z86: =+V86 -> 0 | AB86: 6730000 | AC86: =((AB86+X86)*1.08)+Y86 -> 9619920 | AD86: =(AB86+X86)*1.08 -> 8132400
A87: THÁNG 03/2024 | S87: =+T82+Q84+R84+Q85+R85+Q86+R86 -> 3350760 | X87: =SUM(X75:X83) -> 5600000 | Y87: =SUM(Y82:Y86) -> 8564911.1 | Z87: =SUM(Z75:Z83) -> 0 | AB87: =SUM(AB82:AB86) -> 28560000 | AC87: =SUM(AC82:AC86) -> 40705711 | AD87: =SUM(AD82:AD86) -> 32140800
A88: 1 | C88: 306231796900 306231782420 | D88: 28/02/2024 | E88: KGN-24030291 | F88: X | G88: 1 | J88: =5497.49+9494.89 -> 14992.38 | K88: 039EX10355 | L88: WHSU2600588 | M88: X | T88: 250000 | X88: 400000 | Y88: =Q88+T88+U88+W88 -> 250000 | Z88: =+V88 -> 0 | AA88: CƯỚC SOTRANS | AB88: 6180000 | AC88: =((AB88+X88)*1.08)+Y88 -> 7356400 | AD88: =(AB88+X88)*1.08 -> 7106400
A89: =+A88+1 -> 2 | C89: 306231917410 306231939330 | D89: 28/02/2024 | E89: KGN-24030294 | F89: X | G89: 1 | J89: =11057.95+3715.93 -> 14773.88 | K89: 039EX10353 | L89: WHSU2613760 | M89: X | T89: 250000 | X89: 400000 | Y89: =Q89+T89+U89+W89 -> 250000 | Z89: =+V89 -> 0 | AA89: CƯỚC SOTRANS | AB89: 6180000 | AC89: =((AB89+X89)*1.08)+Y89 -> 7356400 | AD89: =(AB89+X89)*1.08 -> 7106400
A90: =+A89+1 -> 3 | C90: 306248319660 306248379200 306248476351 | D90: 45357 | E90: KGN-24030540 | F90: X | H90: 1 | J90: =20734.46+3847.2+28 -> 24609.66 | K90: 039EX14424 | L90: WHSU6557319 | M90: Đ | T90: 500000 | X90: 800000 | Y90: =Q90+T90+U90+W90 -> 500000 | Z90: =+V90 -> 0 | AB90: 7100000 | AC90: =((AB90+X90)*1.08)+Y90 -> 9032000 | AD90: =(AB90+X90)*1.08 -> 8532000
A91: =+A90+1 -> 4 | C91: 306265150460 306265294440 | D91: 13/03/2024 | E91: KGN-24030891 | F91: X | H91: 1 | J91: =17256+7024 -> 24280 | K91: 039EX14430 | L91: WHSU6743632 | M91: X | T91: 500000 | X91: 400000 | Y91: =Q91+T91+U91+W91 -> 500000 | Z91: =+V91 -> 0 | AB91: 7100000 | AC91: =((AB91+X91)*1.08)+Y91 -> 8600000 | AD91: =(AB91+X91)*1.08 -> 8100000
A92: =+A91+1 -> 5 | C92: 306279729510 306279752500 | D92: 19/03/2024 | E92: KGN-24031444 | F92: X | G92: 1 | J92: =3810+11150 -> 14960 | K92: 039EX19349 | L92: WHSU2879317 | M92: X | T92: 250000 | X92: 400000 | Y92: =Q92+T92+U92+W92 -> 250000 | Z92: =+V92 -> 0 | AA92: CƯỚC SOTRANS | AB92: 6180000 | AC92: =((AB92+X92)*1.08)+Y92 -> 7356400 | AD92: =(AB92+X92)*1.08 -> 7106400
A93: =+A92+1 -> 6 | C93: 306282398020 306282592840 | D93: 20/03/2024 | E93: KGN-24031481 | F93: X | H93: 1 | J93: =5970+18570 -> 24540 | K93: 039EX18160 | L93: WHSU5452226 | M93: X | T93: 500000 | X93: 400000 | Y93: =Q93+T93+U93+W93 -> 500000 | Z93: =+V93 -> 0 | AA93: CƯỚC SOTRANS | AB93: 7100000 | AC93: =((AB93+X93)*1.08)+Y93 -> 8600000 | AD93: =(AB93+X93)*1.08 -> 8100000
A94: THÁNG 04/2024 | T94: =SUM(T88:T93) -> 2250000 | X94: =SUM(X88:X93) -> 2800000 | Y94: =SUM(Y88:Y93) -> 2250000 | Z94: =SUM(Z82:Z90) -> 0 | AB94: =SUM(AB88:AB93) -> 39840000 | AC94: =SUM(AC88:AC93) -> 48301200 | AD94: =SUM(AD88:AD93) -> 46051200
A95: 1 | C95: 306300586710 306300547840 | D95: 27/03/2024 | E95: KGN-24040196 | F95: X | H95: 1 | J95: =18897+5465 -> 24362 | K95: 039EX18161 | L95: WHSU5445823 | M95: X | T95: 500000 | X95: 400000 | Y95: =Q95+T95+U95+W95 -> 500000 | Z95: =+V95 -> 0 | AA95: CƯỚC SOTRANS | AB95: 7100000 | AC95: =((AB95+X95)*1.08)+Y95 -> 8600000 | AD95: =(AB95+X95)*1.08 -> 8100000
A96: =+A95+1 -> 2 | C96: 106166217250 106165602320 | D96: 27/03/2024 | E96: KGN-24040199 | F96: NHẬP | H96: 1 | J96: 24951.5 | K96: CTOHCM2403565 | L96: OOLU9264721 | M96: V | Q96: 545400 | R96: 766800 | T96: 500000 | W96: 335745 | X96: 400000 | Y96: =Q96+T96+U96+W96 -> 1381145 | Z96: =+V96 -> 0 | AB96: =7150000+505000 -> 7655000 | AC96: =((AB96+X96)*1.08)+Y96 -> 10080545 | AD96: =(AB96+X96)*1.08 -> 8699400
A97: =+A96+1 -> 3 | C97: 306316001960 306316099850 | D97: 45384 | E97: KGN-24040198 | F97: X | H97: 1 | J97: =18169+6403.19 -> 24572.19 | K97: 039EX21922 | L97: WHSU5807537 | M97: X | T97: 500000 | X97: 400000 | Y97: =Q97+T97+U97+W97 -> 500000 | Z97: =+V97 -> 0 | AB97: 7100000 | AC97: =((AB97+X97)*1.08)+Y97 -> 8600000 | AD97: =(AB97+X97)*1.08 -> 8100000
A98: =+A97+1 -> 4 | C98: 106180866520 106180799430 | D98: 45386 | E98: KGN-24040343 | F98: NHẬP | H98: 1 | J98: 24168.2 | K98: PTNCLP2430006 | L98: YMMU6645112 | M98: V | Q98: =671760+83160 -> 754920 | R98: 766800 | T98: 500000 | X98: 400000 | Y98: =Q98+T98+U98+W98 -> 1254920 | Z98: =+V98 -> 0 | AB98: 7150000 | AC98: =((AB98+X98)*1.08)+Y98 -> 9408920 | AD98: =(AB98+X98)*1.08 -> 8154000
A99: =+A98+1 -> 5 | C99: 106198224160 | D99: 09/04/2024 | E99: KGN-24040723 | F99: NHẬP | H99: 1 | J99: 25112 | K99: PKECLP2430122 | L99: TGHU5288324 | M99: X | R99: 766800 | T99: 500000 | Y99: =Q99+T99+U99+W99 -> 500000 | Z99: =+V99 -> 0 | AB99: 7150000 | AC99: =((AB99+X99)*1.08)+Y99 -> 8222000 | AD99: =(AB99+X99)*1.08 -> 7722000
A100: =+A99+1 -> 6 | C100: 106198404800 | D100: 09/04/2024 | E100: KGN-24040724 | F100: NHẬP | H100: 1 | J100: 24863 | K100: PKECLP2430123 | L100: TLLU6007014 | M100: X | R100: 766800 | T100: 500000 | Y100: =Q100+T100+U100+W100 -> 500000 | Z100: =+V100 -> 0 | AB100: 7150000 | AC100: =((AB100+X100)*1.08)+Y100 -> 8222000 | AD100: =(AB100+X100)*1.08 -> 7722000
A101: =+A100+1 -> 7 | C101: 306336594120 306336658040 | D101: 10/04/2024 | E101: KGN-24040725 | F101: X | H101: 1 | J101: =14478+9350 -> 23828 | K101: 039EX21926 | L101: WHSU5221783 | M101: X | T101: 500000 | X101: 400000 | Y101: =Q101+T101+U101+W101 -> 500000 | Z101: =+V101 -> 0 | AB101: 7100000 | AC101: =((AB101+X101)*1.08)+Y101 -> 8600000 | AD101: =(AB101+X101)*1.08 -> 8100000
...

Sheet LESSOHOME
B1: THEO DÕI HÀNG HÓA TẠM ỨNG, THANH TOÁN, ĐIỀU XE
D2: Công ty TNHH Lessohome | G2: MST: 3702679349 | H2: DC: Số 675 đường Lai Hưng 56, Tổ 20, ấp Lai Khê,Phường Bến Cát, Thành phố Hồ Chí Minh, Việt Nam
A3: SỐ ISO | B3: STT | C3: NHẬPHẬP/X | D3: NGÀY GIAO | E3: TKHQ | F3: NGÀY TKHQ | G3: NCC | H3: TẠO JOB | I3: X/N | J3: 20' | K3: 40' | L3: LCL | M3: LUỒNG | N3: G.W (KGS) | O3: Số Bill/ Booking | P3: Số cont/ seal | Q3: Ngày ETA/ Cut off | R3: BIỂN SỐ XE | S3: CẢNG ĐẾN | T3: NƠI LẤY/HẠ RỖNG | U3: TêNHẬPHẬP hàNHẬPHẬPg | W3: PHỤ PHÍ NÂNG | X3: PHÍ NÂNG | Y3: PHÍ HẠ | Z3: PHÍ CHỨNHẬPHẬPG TỪ (ST CK) | AA3: PHÍ CSHT | AB3: PHÍ DEM/DET | AC3: TỔNG CHI HỘ (CASH) | AD3: TỔNG CHI HỘ (ST CK) | AE3: GHI CHÚ PHÁT SINH | AF3: PHÍ DỊCH VỤ GN | AG3: DT BẢNG KÊ (GỒM VAT) | AH3: GIAO BẢNG KÊ | AI3: CƯỢC CONHẬPHẬPT | AJ3: TẠM THU HÃNHẬPHẬPG TÀU/ SỬA CHỮA CONHẬPHẬPT | AK3: CHUYỂNHẬPHẬP CƯỢC | AL3: GHI CHÚ | AM3: PHÍ CƯỢC
B4: THÁNG 10/2025 (SERVICE DAY TỪ NGÀY 01/10)
B5: 1 | D5: 15/10/2025 | E5: 107599803031 | F5: 10/10/2025 | G5: OTIMES | H5: KGN-25102339 KGN-25102339-BS1 | K5: 1 | O5: SNLFSHVLMF07781 | P5: TXGU8833064 | Q5: ETD: 10/10/2025 ETA: 12/10/2025 | R5: 51D62774 | S5: CÁT LÁI | X5: 882000 | Y5: 1512000 | AA5: 500000 | AC5: =W5+X5+Y5+AB5+Z5+AA5 -> 2894000 | AD5: =AC5 -> 2894000 | AE5: KIỂM HÓA | AF5: =(J5*4590000+K5*4690000)*1.08+(300000*1.08)+300000*1.08 -> 5713200 | AG5: =AF5+AD5 -> 8607200
B6: THÁNG 11/2025 (SERVICE DAY TỪ NGÀY 01/11)
B7: =+B5+1 -> 2 | D7: 28/11/2025 | E7: 107719203100 | F7: 18/11/2025 | G7: HK HARMONY | H7: KGN-25112873 | I7: N | K7: 1 | O7: COAU7262665210 (YANTIAN I 106W) | P7: BSIU8165494 | Q7: ETA: 18/11/2025 | R7: 51C76528 | S7: CÁT LÁI | X7: 3910000 | Y7: 1500000 | AA7: 500000 | AB7: 592808 | AC7: =W7+X7+Y7+AB7+Z7+AA7 -> 6502808 | AD7: =AC7 -> 6502808 | AF7: =(J7*4590000+K7*4690000)*1.08 -> 5065200 | AG7: =AF7+AD7 -> 11568008
B8: THÁNG 12/2025 (SERVICE DAY TỪ NGÀY 01/12) | AF8: =SUM(AF5:AF7) -> 10778400 | AG8: =SUM(AG5:AG7) -> 20175208
B9: 1 | D9: 08/12/2025 | E9: 107728894450 | F9: 21/11/2025 | G9: JINSUBAO | H9: KGN-25120848 | I9: N | K9: 1 | O9: 264622030 | P9: TCKU6862045 | Q9: ETA: 26/11/2025 | R9: 51D64603 | S9: CÁT LÁI | T9: NAM KHÁNH DEPOT | X9: 3482000 | Y9: 1500000 | AA9: 500000 | AC9: =W9+X9+Y9+AB9+Z9+AA9 -> 5482000 | AD9: =AC9 -> 5482000 | AF9: =(J9*4590000+K9*4690000)*1.08 -> 5065200 | AG9: =AF9+AD9 -> 10547200
B10: =+B9+1 -> 2
B11: =+B10+1 -> 3
B12: =+B11+1 -> 4
B13: =+B12+1 -> 5
B14: =+B13+1 -> 6
B15: =+B14+1 -> 7
B16: =+B15+1 -> 8
B17: =+B16+1 -> 9
B18: =+B17+1 -> 10
B19: =+B18+1 -> 11
B20: =+B19+1 -> 12
B21: =+B20+1 -> 13
... B278: =+B277+1 -> 270

Sheet BLUELAKE
B1: THEO DÕI HÀNG HÓA TẠM ỨNG, THANH TOÁN, ĐIỀU XE
D2: CÔNG TY TNHH NỘI THẤT BLUELAKE VIỆT NAM | G2: MST: 0315856193 | H2: DC: Số 20 đường số 13, KDC Hiệp Thành 3, Phường Phú Lợi, Thành phố Hồ Chí Minh, Việt Nam
A3: SỐ ISO | B3: STT | C3: NHẬPHẬP/X | D3: NGÀY GIAO | E3: TKHQ | F3: NGÀY TKHQ | G3: KHO ĐÓNG HÀNG | H3: TẠO JOB | I3: X/N | J3: 20' | K3: 40' | L3: LCL | M3: LUỒNG | N3: G.W (KGS) | O3: Số Bill/ Booking | P3: Số cont/ seal | Q3: Số inv | R3: Ngày ETA/ Cut off | S3: BIỂN SỐ XE | T3: CẢNG HẠ | U3: NƠI LẤY/TRẢ RỖNG | V3: TêNHẬPHẬP hàNHẬPHẬPg | X3: PHỤ PHÍ NÂNG | Y3: PHÍ NÂNG | Z3: PHÍ HẠ | AA3: PHÍ CHỨNHẬPHẬPG TỪ (ST CK) | AB3: PHÍ CSHT | AC3: PHÍ DEM/DET | AD3: PHÍ HUN TRÙNG | AE3: TỔNG CHI HỘ (ST CK) | AF3: GHI CHÚ PHÁT SINH | AG3: PHÍ DỊCH VỤ GN | AH3: DT BẢNG KÊ (GỒM VAT) | AI3: GIAO BẢNG KÊ | AJ3: PHÍ VẬN CHUYỂN | AK3: PHÍ THỦ TỤC HẢI QUAN
B4: THÁNG 11/2025 (SERVICE DAY TỪ NGÀY 01/11) | AJ4: =IF(G4="VIỆT CHÂU",3650000, IF(G4="NOVA STONE",3950000, IF(G4="SANYANG",4200000, IF(G4="TÂN HỒNG",3650000, IF(G4="MAESTRO",4000000,0))))) -> 0 | AK4: 1900000
B5: 1 | D5: 25/11/2025 | E5: 307992157930 | F5: 25/11/2025 | G5: VIỆT CHÂU | H5: KGN-25112776 | I5: X | K5: 2 | M5: X | O5: YMJAE490401151 | P5: CONT 1: TCNU6683189 CONT 2: YMMU6809540 | Q5: DH-20250922-2 | R5: SI: 09h 25/11/25 CY: 01h 26/11/25 | S5: 50H17748 51c23619 | T5: CLGN | Y5: =1500000*2 -> 3000000 | Z5: 1764000 | AB5: 1000000 | AE5: =+X5+Y5+Z5+AA5+AB5+AC5+W5 -> 5764000 | AG5: =+(($AK$4*(J5+K5+L5))+(AJ5*(J5+K5+L5))+AD5)*1.08 -> 11988000 | AH5: =+AE5+AG5 -> 17752000 | AJ5: =IF(G5="VIỆT CHÂU",3650000, IF(G5="NOVA STONE",3950000, IF(G5="SANYANG",4200000, IF(G5="TÂN HỒNG",3650000, IF(G5="MAESTRO",4000000,0))))) -> 3650000
B6: =+B5+1 -> 2 | D6: 25/11/2025 | E6: 307993152260 | F6: 25/11/2025 | G6: NOVA STONE | H6: KGN-25112777 | I6: X | K6: 1 | M6: X | O6: YMJAE490401152 | P6: CONT: YMMU6834667 | Q6: DH-20250922-1 | R6: SI: 09h 25/11/25 CY: 01h 26/11/25 | S6: 50E15635 | T6: ICD PHUOC LONG 3 | Y6: 1500000 | Z6: 1276000 | AB6: 500000 | AD6: 650000 | AE6: =+X6+Y6+Z6+AA6+AB6+AC6+W6 -> 3276000 | AF6: HUN TRÙNG | AG6: =+(($AK$4*(J6+K6+L6))+(AJ6*(J6+K6+L6))+AD6)*1.08 -> 7020000 | AH6: =+AE6+AG6 -> 10296000 | AJ6: =IF(G6="VIỆT CHÂU",3650000, IF(G6="NOVA STONE",3950000, IF(G6="SANYANG",4200000, IF(G6="TÂN HỒNG",3650000, IF(G6="MAESTRO",4000000,0))))) -> 3950000
B7: =+B6+1 -> 3 | D7: 28/11/2025 | E7: 308006669260 | F7: 28/11/2025 | G7: NOVA STONE | H7: KGN-25112909 | I7: X | J7: 1 | M7: X | O7: SGNFBP629400 | P7: CONT: NYKU3702340 | Q7: DH-20250829&1021 | R7: CY: 19H 04/12/2025 | S7: 51C23619 | T7: CLGN | Y7: 1000000 | Z7: 1528000 | AB7: 250000 | AE7: =+X7+Y7+Z7+AA7+AB7+AC7+W7 -> 2778000 | AG7: =+(($AK$4*(J7+K7+L7))+(AJ7*(J7+K7+L7))+AD7)*1.08 -> 6318000 | AH7: =+AE7+AG7 -> 9096000 | AJ7: =IF(G7="VIỆT CHÂU",3650000, IF(G7="NOVA STONE",3950000, IF(G7="SANYANG",4200000, IF(G7="TÂN HỒNG",3650000, IF(G7="MAESTRO",4000000,0))))) -> 3950000
B8: =+B7+1 -> 4 | G8: VIỆT CHÂU | K8: 1 | P8: CONT 45: CAIU5818711 | S8: 50H29647 | Y8: 2250000 | AB8: 500000 | AE8: =+X8+Y8+Z8+AA8+AB8+AC8+W8 -> 2750000 | AG8: =+(($AK$4*(J8+K8+L8))+(AJ8*(J8+K8+L8))+AD8)*1.08 -> 5994000 | AH8: =+AE8+AG8 -> 8744000 | AJ8: =IF(G8="VIỆT CHÂU",3650000, IF(G8="NOVA STONE",3950000, IF(G8="SANYANG",4200000, IF(G8="TÂN HỒNG",3650000, IF(G8="MAESTRO",4000000,0))))) -> 3650000
B9: THÁNG 12/2025 (SERVICE DAY TỪ NGÀY 01/12) | AJ9: =IF(G9="VIỆT CHÂU",3650000, IF(G9="NOVA STONE",3950000, IF(G9="SANYANG",4200000, IF(G9="TÂN HỒNG",3650000, IF(G9="MAESTRO",4000000,0))))) -> 0
B10: 1 | AJ10: =IF(G10="VIỆT CHÂU",3650000, IF(G10="NOVA STONE",3950000, IF(G10="SANYANG",4200000, IF(G10="TÂN HỒNG",3650000, IF(G10="MAESTRO",4000000,0))))) -> 0
B11: =+B10+1 -> 2 | AJ11: =IF(G11="VIỆT CHÂU",3650000, IF(G11="NOVA STONE",3950000, IF(G11="SANYANG",4200000, IF(G11="TÂN HỒNG",3650000, IF(G11="MAESTRO",4000000,0))))) -> 0
B12: =+B11+1 -> 3 | AJ12: =IF(G12="VIỆT CHÂU",3650000, IF(G12="NOVA STONE",3950000, IF(G12="SANYANG",4200000, IF(G12="TÂN HỒNG",3650000, IF(G12="MAESTRO",4000000,0))))) -> 0
B13: =+B12+1 -> 4 | AJ13: =IF(G13="VIỆT CHÂU",3650000, IF(G13="NOVA STONE",3950000, IF(G13="SANYANG",4200000, IF(G13="TÂN HỒNG",3650000, IF(G13="MAESTRO",4000000,0))))) -> 0
B14: =+B13+1 -> 5 | AJ14: =IF(G14="VIỆT CHÂU",3650000, IF(G14="NOVA STONE",3950000, IF(G14="SANYANG",4200000, IF(G14="TÂN HỒNG",3650000, IF(G14="MAESTRO",4000000,0))))) -> 0
B15: =+B14+1 -> 6 | AJ15: =IF(G15="VIỆT CHÂU",3650000, IF(G15="NOVA STONE",3950000, IF(G15="SANYANG",4200000, IF(G15="TÂN HỒNG",3650000, IF(G15="MAESTRO",4000000,0))))) -> 0
B16: =+B15+1 -> 7 | AJ16: =IF(G16="VIỆT CHÂU",3650000, IF(G16="NOVA STONE",3950000, IF(G16="SANYANG",4200000, IF(G16="TÂN HỒNG",3650000, IF(G16="MAESTRO",4000000,0))))) -> 0
B17: =+B16+1 -> 8 | AJ17: =IF(G17="VIỆT CHÂU",3650000, IF(G17="NOVA STONE",3950000, IF(G17="SANYANG",4200000, IF(G17="TÂN HỒNG",3650000, IF(G17="MAESTRO",4000000,0))))) -> 0
B18: =+B17+1 -> 9 | AJ18: =IF(G18="VIỆT CHÂU",3650000, IF(G18="NOVA STONE",3950000, IF(G18="SANYANG",4200000, IF(G18="TÂN HỒNG",3650000, IF(G18="MAESTRO",4000000,0))))) -> 0
B19: =+B18+1 -> 10 | AJ19: =IF(G19="VIỆT CHÂU",3650000, IF(G19="NOVA STONE",3950000, IF(G19="SANYANG",4200000, IF(G19="TÂN HỒNG",3650000, IF(G19="MAESTRO",4000000,0))))) -> 0
B20: =+B19+1 -> 11 | AJ20: =IF(G20="VIỆT CHÂU",3650000, IF(G20="NOVA STONE",3950000, IF(G20="SANYANG",4200000, IF(G20="TÂN HỒNG",3650000, IF(G20="MAESTRO",4000000,0))))) -> 0
B21: =+B20+1 -> 12 | AJ21: =IF(G21="VIỆT CHÂU",3650000, IF(G21="NOVA STONE",3950000, IF(G21="SANYANG",4200000, IF(G21="TÂN HỒNG",3650000, IF(G21="MAESTRO",4000000,0))))) -> 0
B22: =+B21+1 -> 13 | AJ22: =IF(G22="VIỆT CHÂU",3650000, IF(G22="NOVA STONE",3950000, IF(G22="SANYANG",4200000, IF(G22="TÂN HỒNG",3650000, IF(G22="MAESTRO",4000000,0))))) -> 0
... B27: =+B26+1 -> 18 | AJ27: =IF(G27="VIỆT CHÂU",3650000, IF(G27="NOVA STONE",3950000, IF(G27="SANYANG",4200000, IF(G27="TÂN HỒNG",3650000, IF(G27="MAESTRO",4000000,0))))) -> 0
B28: =+B27+1 -> 19
B29: =+B28+1 -> 20
B30: =+B29+1 -> 21
B31: =+B30+1 -> 22
B32: =+B31+1 -> 23
B33: =+B32+1 -> 24
B34: =+B33+1 -> 25
B35: =+B34+1 -> 26
B36: =+B35+1 -> 27
B37: =+B36+1 -> 28
B38: =+B37+1 -> 29
B39: =+B38+1 -> 30
... B271: =+B270+1 -> 262

Sheet MPF
B1: THEO DÕI HÀNG HÓA TẠM ỨNG, THANH TOÁN, ĐIỀU XE - MPF
E2: MST: 3702721103 | G2: DC: Lô B6_D_CN, đường N13, Khu công nghiệp Bàu Bàng, Xã Bàu Bàng, Thành Phố Hồ Chí Minh
A3: SỐ ISO | B3: STT | C3: NHẬPHẬP/X | D3: NGÀY GIAO MPF | E3: TKHQ | F3: NGÀY TKHQ | G3: TẠO JOB | H3: X/N | I3: 20' | J3: 40' | K3: LCL | L3: LUỒNG | M3: G.W (KGS) | N3: Số Bill/ Booking | O3: Số cont/ seal | P3: Ngày ETA/ Cut off | Q3: BIỂN SỐ XE | R3: CẢNG HẠ | S3: NƠI LẤY/TRẢ RỖNG | T3: TêNHẬPHẬP hàNHẬPHẬPg | V3: PHỤ PHÍ NÂNG | W3: PHÍ NÂNG | X3: PHÍ HẠ | Y3: PHÍ CHỨNHẬPHẬPG TỪ (TM) | Z3: PHÍ CHỨNHẬPHẬPG TỪ (ST CK) | AA3: PHÍ DEM/DET | AB3: TỔNG CHI HỘ (CASH) | AC3: TỔNG CHI HỘ (ST CK) | AD3: GHI CHÚ PHÁT SINH | AE3: PHÍ DỊCH VỤ GN | AF3: DT BẢNG KÊ (GỒM VAT) | AG3: GIAO BẢNG KÊ | AH3: CƯỢC CONHẬPHẬPT | AI3: TẠM THU HÃNHẬPHẬPG TÀU/ SỬA CHỮA CONHẬPHẬPT | AJ3: CHUYỂNHẬPHẬP CƯỢC | AK3: GHI CHÚ | AL3: PHÍ CƯỢC
B4: 1 | E4: 105245148300 | F4: 44958 | G4: KGNHẬPHẬP-23020090 | H4: NHẬPHẬP | K4: 1 | L4: X | N4: PTXCLP2310001 | T4: NHẬPHẬPHỰA POM/ ACETAL RESINHẬPHẬP | W4: 37440 | Y4: 2604176 | AB4: =V4+W4+X4+Y4+Z4+AA4 -> 2641616 | AC4: =+Z4 -> 0 | AE4: 2547600 | AF4: =+AB4+AE4 -> 5189216 | AN4: 2547600
B5: 2 | E5: 305312255050 | F5: 44963 | G5: KGNHẬPHẬP-23020235 | H5: X | J5: 1 | L5: X | N5: SGNHẬPHẬP1789850 | O5: APHU6733845 | S5: GEMALINHẬPHẬPK | T5: XE ĐẨY TÚI GOLF | W5: 1050000 | X5: 961400 | AB5: =V5+W5+X5+Y5+Z5+AA5 -> 2011400 | AC5: =+Z5 -> 0 | AE5: 5396600 | AF5: =+AB5+AE5 -> 7408000 | AG5: =+W5+X5 -> 2011400 | AN5: 5396600
B6: 3 | E6: 305317456200 | F6: 44965 | G6: KGNHẬPHẬP-23020347 | H6: X | J6: 1 | L6: X | N6: 235300081992 | O6: CAAU5779612 | W6: 1300000 | X6: 1050000 | AB6: =V6+W6+X6+Y6+Z6+AA6 -> 2350000 | AC6: =+Z6 -> 0 | AE6: 5396600 | AF6: =+AB6+AE6 -> 7746600 | AG6: =+W6+X6 -> 2350000 | AN6: 5396600
B7: 4 | E7: 305341955610 | F7: 44977 | G7: KGNHẬPHẬP-23021000 | H7: X | J7: 1 | L7: X | N7: 235300095836 | O7: EMCU8572843 | S7: CÁT LÁI | T7: XE ĐẨY TÚI GOLF | W7: 709500 | X7: 1350000 | AB7: =V7+W7+X7+Y7+Z7+AA7 -> 2059500 | AC7: =+Z7 -> 0 | AE7: 5396600 | AF7: =+AB7+AE7 -> 7456100 | AG7: =+W7+X7 -> 2059500 | AN7: 5396600
B8: 5 | E8: 105285513320 | F8: 44980 | G8: KGNHẬPHẬP-23021192 | H8: NHẬPHẬP | J8: 2 | N8: EGLV149300264194 | O8: DRYU9791461 TCNHẬPHẬPU2088824 | W8: 2035000 | X8: 2700000 | AB8: =V8+W8+X8+Y8+Z8+AA8 -> 4735000 | AC8: =+Z8 -> 0 | AD8: CHỈ TRUCKINHẬPHẬPG | AE8: 8813200 | AF8: =+AB8+AE8 -> 13548200 | AG8: =+X8 -> 2700000 | AN8: 8813200
B9: 6 | E9: 105283687720 | F9: 44980 | G9: KGNHẬPHẬP-23030587 | H9: NHẬPHẬP | K9: 1 | N9: HTAHCM23023092 | AB9: =V9+W9+X9+Y9+Z9+AA9 -> 0 | AC9: =+Z9 -> 0 | AD9: CHỈ TRUCKINHẬPHẬPG | AE9: 1557600 | AF9: =+AB9+AE9 -> 1557600 | AN9: 1557600
A10: THÁNHẬPHẬPG 03/2023 | AB10: =SUM(AB4:AB9) -> 13797516 | AC10: =SUM(AC4:AC9) -> 0 | AE10: =SUM(AE4:AE9) -> 29108200 | AF10: =+AB10+AC10+AE10 -> 42905716
B11: 1 | E11: HOÀNHẬPHẬP THUẾ 105039263822 + 105039290640 | G11: KGNHẬPHẬP-23041159 | AB11: =V11+W11+X11+Y11+Z11+AA11 -> 0 | AC11: =+Z11 -> 0 | AD11: 2 LÔ | AE11: 2200000 | AF11: =+AB11+AE11 -> 2200000
B12: 2 | E12: 305363939000 | F12: 44986 | G12: KGNHẬPHẬP-23030164 | H12: X | J12: 1 | L12: X | N12: EBKG04983162 | O12: MSMU4614662 | W12: 1065000 | X12: 1115000 | AB12: =V12+W12+X12+Y12+Z12+AA12 -> 2180000 | AC12: =+Z12 -> 0 | AD12: 450K THANHẬPHẬPH LÝ T 02 | AE12: 5750800 | AF12: =+AB12+AE12 -> 7930800 | AG12: =+W12+X12 -> 2180000
B13: 3 | E13: 305367082550 | F13: 44987 | G13: KGNHẬPHẬP-23030165 | H13: X | J13: 2 | L13: X | N13: 22351222 | O13: CAIU4224546 HLXU8614537 | W13: =1056000+1056000 -> 2112000 | X13: =920000+920000 -> 1840000 | AB13: =W13+X13+Y13+Z13+AA13 -> 3952000 | AC13: =+Z13 -> 0 | AE13: 10511600 | AF13: =+AB13+AE13 -> 14463600 | AG13: =+W13+X13 -> 3952000
B14: 4 | E14: 305380228330 | F14: 44993 | G14: KGNHẬPHẬP-23041165 | H14: X | I14: 1 | N14: 1KT825629 | O14: MSKU5205539 | W14: 900000 | X14: 401500 | AB14: =W14+X14+Y14+Z14+AA14 -> 1301500 | AC14: =+Z14 -> 0 | AD14: CHỈ TRUCKINHẬPHẬPG + THANHẬPHẬPH LÝ | AE14: 4320800 | AF14: =+AB14+AE14 -> 5622300 | AG14: =+W14+X14 -> 1301500
B15: 5 | E15: 105305611830 105305733300 | F15: 44992 | G15: KGNHẬPHẬP-23030083 | H15: NHẬPHẬP | I15: 1 | L15: V | N15: SZXEF23020041031B | O15: TLLU2441450 | W15: 660000 | X15: 940000 | Z15: 3437016 | AA15: 302500 | AB15: =W15+X15+Y15+Z15+AA15 -> 5339516 | AC15: =+Z15 -> 3437016 | AD15: 2 TK | AE15: =5678000*1.1 -> 6245800 | AF15: =+AB15+AE15 -> 11585316 | AG15: =+X15 -> 940000 | AH15: 1000000
F16: 44992 | G16: KGNHẬPHẬP-23030108 | H16: NHẬPHẬP | L16: V | N16: SZXEF23020041031A | AB16: =W16+X16+Y16+Z16+AA16 -> 0 | AC16: =+Z16 -> 0
B17: 6 | E17: 305392741750 | F17: 14/03/2023 | G17: KGNHẬPHẬP-23041168 | H17: X | J17: 1 | N17: 039DX12884 | O17: WHSU5683117 | W17: 1100000 | X17: 709500 | AB17: =W17+X17+Y17+Z17+AA17 -> 1809500 | AC17: =+Z17 -> 0 | AD17: CHỈ TRUCKINHẬPHẬPG + THANHẬPHẬPH LÝ | AE17: 4430800 | AF17: =+AB17+AE17 -> 6240300 | AG17: =+W17+X17 -> 1809500
B18: 7 | E18: 305391642050 | F18: 14/03/2023 | G18: KGNHẬPHẬP-23041173 | H18: X | J18: 1 | N18: 039DX13479 | O18: WHSU5804630 | W18: 1100000 | X18: 709500 | AB18: =W18+X18+Y18+Z18+AA18 -> 1809500 | AC18: =+Z18 -> 0 | AD18: CHỈ TRUCKINHẬPHẬPG + THANHẬPHẬPH LÝ | AE18: 4430800 | AF18: =+AB18+AE18 -> 6240300 | AG18: =+W18+X18 -> 1809500
B19: 8 | E19: 305394297520 | F19: 15/03/2023 | G19: KGNHẬPHẬP-23041175 | H19: X | I19: 1 | N19: EBKG05144834 | O19: MEDU5172561 | W19: 880000 | X19: 660000 | AB19: =W19+X19+Y19+Z19+AA19 -> 1540000 | AC19: =+Z19 -> 0 | AD19: CHỈ TRUCKINHẬPHẬPG + THANHẬPHẬPH LÝ | AE19: 4320800 | AF19: =+AB19+AE19 -> 5860800 | AG19: =+W19+X19 -> 1540000
B20: 9 | E20: 305399437250 | F20: 17/03/2023 | G20: KGNHẬPHẬP-23031072 | H20: X | J20: 1 | L20: X | N20: 235300261264 | O20: EITU9219652 | W20: 1350000 | X20: 709500 | AB20: =W20+X20+Y20+Z20+AA20 -> 2059500 | AC20: =+Z20 -> 0 | AE20: 5255800 | AF20: =+AB20+AE20 -> 7315300 | AG20: =+W20+X20 -> 2059500
B21: 10 | E21: 305408821230 | F21: 23/03/2023 | G21: KGNHẬPHẬP-23041176 | H21: X | K21: 1 | N21: HCM-SBK-2303276 | AB21: =W21+X21+Y21+Z21+AA21 -> 0 | AC21: =+Z21 -> 0 | AD21: CHỈ TRUCKINHẬPHẬPG + THANHẬPHẬPH LÝ | AE21: 1669800 | AF21: =+AB21+AE21 -> 1669800
B22: 11 | E22: 305415486410 305415453730 | F22: 24/03/2023 | G22: KGNHẬPHẬP-23041178 | H22: X | J22: 1 | N22: YMLUNHẬPHẬP490370865 | O22: TCKU4262400 | W22: 1350000 | X22: 709500 | AB22: =W22+X22+Y22+Z22+AA22 -> 2059500 | AC22: =+Z22 -> 0 | AD22: CHỈ TRUCKINHẬPHẬPG + THANHẬPHẬPH LÝ | AE22: 4430800 | AF22: =+AB22+AE22 -> 6490300 | AG22: =+W22+X22 -> 2059500
B23: 12 | E23: 305416989530 | F23: 24/03/2023 | G23: KGNHẬPHẬP-23041180 | H23: X | J23: 1 | N23: 235300277896 | O23: TXGU6694191 | W23: 1350000 | X23: 1050000 | AB23: =W23+X23+Y23+Z23+AA23 -> 2400000 | AC23: =+Z23 -> 0 | AD23: CHỈ TRUCKINHẬPHẬPG + THANHẬPHẬPH LÝ | AE23: 4430800 | AF23: =+AB23+AE23 -> 6830800 | AG23: =+W23+X23 -> 2400000
B24: 13 | E24: 305418583320 | F24: 25/03/2023 | G24: KGNHẬPHẬP-23041182 | H24: X | I24: 1 | N24: EBKG05169566 | O24: MEDU6526021 | W24: 900000 | X24: 655000 | AB24: =W24+X24+Y24+Z24+AA24 -> 1555000 | AC24: =+Z24 -> 0 | AD24: CHỈ TRUCKINHẬPHẬPG + THANHẬPHẬPH LÝ | AE24: 4320800 | AF24: =+AB24+AE24 -> 5875800 | AG24: =+W24+X24 -> 1555000
A25: THÁNHẬPHẬPG 04/2023 | AB25: =SUM(AB11:AB24) -> 26006016 | AC25: =SUM(AC19:AC24) -> 0 | AE25: =SUM(AE11:AE24) -> 62319400 | AF25: =+AB25+AC25+AE25 -> 88325416
B26: 1 | E26: HOÀNHẬPHẬP THUẾ 105223429361 | G26: KGNHẬPHẬP-23050356 | AB26: =V26+W26+X26+Y26+Z26+AA26 -> 0 | AC26: =+Z26 -> 0 | AD26: 1 LÔ | AE26: =2200000/2 -> 1100000 | AF26: =+AB26+AE26 -> 1100000
B27: 2 | E27: 305437842900 | F27: 03/4/2023 | G27: KGNHẬPHẬP-23040124 | H27: X | J27: 1 | N27: EBKG05169602 | O27: FFAU2578583 | W27: 1350000 | X27: 1115000 | AB27: =V27+W27+X27+Y27+Z27+AA27 -> 2465000 | AC27: =+Z27 -> 0 | AD27: CHỈ TRUCKINHẬPHẬPG + THANHẬPHẬPH LÝ | AE27: =+(I27*3714000+J27*(3714000+100000))*1.1+(150000*1.1) -> 4360400 | AF27: =+AB27+AE27 -> 6825400 | AG27: =+W27+X27 -> 2465000
B28: 3 | E28: 305438410600 | F28: 03/4/2023 | G28: KGNHẬPHẬP-23040125 | H28: X | I28: 1 | N28: 339INHẬPHẬP2309437 | O28: FCIU4703357 | W28: 900000 | X28: 660000 | AB28: =V28+W28+X28+Y28+Z28+AA28 -> 1560000 | AC28: =+Z28 -> 0 | AD28: CHỈ TRUCKINHẬPHẬPG + THANHẬPHẬPH LÝ | AE28: =+(I28*3714000+J28*(3714000+100000))*1.1+(150000*1.1) -> 4250400 | AF28: =+AB28+AE28 -> 5810400 | AG28: =+W28+X28 -> 1560000
B29: 4 | E29: 305438298600 | F29: 03/4/2023 | G29: KGNHẬPHẬP-23040126 | H29: X | J29: 1 | N29: SGNHẬPHẬPM86009000 | O29: HMMU6531299 | W29: 1250000 | X29: 1055000 | AB29: =V29+W29+X29+Y29+Z29+AA29 -> 2305000 | AC29: =+Z29 -> 0 | AD29: CHỈ TRUCKINHẬPHẬPG + THANHẬPHẬPH LÝ | AE29: =+(I29*3714000+J29*(3714000+100000))*1.1+(150000*1.1) -> 4360400 | AF29: =+AB29+AE29 -> 6665400 | AG29: =+W29+X29 -> 2305000
B30: 5 | E30: 305440600420 | F30: 45020 | G30: KGNHẬPHẬP-23040175 | H30: X | J30: 1 | N30: SGNHẬPHẬP1825531 | O30: TCNHẬPHẬPU2827591 | W30: 1350000 | X30: 1055000 | AB30: =V30+W30+X30+Y30+Z30+AA30 -> 2405000 | AC30: =+Z30 -> 0 | AD30: CHỈ TRUCKINHẬPHẬPG + THANHẬPHẬPH LÝ | AE30: =+(I30*3714000+J30*(3714000+100000))*1.1+(150000*1.1) -> 4360400 | AF30: =+AB30+AE30 -> 6765400 | AG30: =+W30+X30 -> 2405000
B31: 6 | E31: 305443514300 | F31: 45021 | G31: KGNHẬPHẬP-23040234 | H31: X | J31: 1 | N31: 71722920 | O31: HLBU1264872 | W31: 924000 | X31: 1056000 | AB31: =V31+W31+X31+Y31+Z31+AA31 -> 1980000 | AC31: =+Z31 -> 0 | AD31: CHỈ TRUCKINHẬPHẬPG + THANHẬPHẬPH LÝ | AE31: =+(I31*3714000+J31*(3714000+100000))*1.1+(150000*1.1) -> 4360400 | AF31: =+AB31+AE31 -> 6340400 | AG31: =+W31+X31 -> 1980000
B32: 7 | E32: 305444497060 | F32: 45022 | G32: KGNHẬPHẬP-23040558 | H32: X | J32: 1 | N32: 71727554 | O32: HLBU1142771 | W32: 924000 | X32: 1056000 | AB32: =V32+W32+X32+Y32+Z32+AA32 -> 1980000 | AC32: =+Z32 -> 0 | AD32: CHỈ TRUCKINHẬPHẬPG + THANHẬPHẬPH LÝ | AE32: =+(I32*3714000+J32*(3714000+100000))*1.1+(150000*1.1) -> 4360400 | AF32: =+AB32+AE32 -> 6340400 | AG32: =+W32+X32 -> 1980000
B33: 8 | E33: 305445690560 | F33: 45022 | G33: KGNHẬPHẬP-23040563 | H33: X | I33: 1 | N33: 71727554 | O33: HLBU2304706 | W33: 627000 | X33: 638000 | AB33: =V33+W33+X33+Y33+Z33+AA33 -> 1265000 | AC33: =+Z33 -> 0 | AD33: CHỈ TRUCKINHẬPHẬPG + THANHẬPHẬPH LÝ | AE33: =+(I33*3714000+J33*(3714000+100000))*1.1+(150000*1.1) -> 4250400 | AF33: =+AB33+AE33 -> 5515400 | AG33: =+W33+X33 -> 1265000
B34: 9 | E34: 305458718850 | F34: 45028 | G34: KGNHẬPHẬP-23040790 | H34: X | K34: 1 | N34: HCM-SBK-2304331 | AB34: =V34+W34+X34+Y34+Z34+AA34 -> 0 | AD34: CHỈ TRUCKINHẬPHẬPG + THANHẬPHẬPH LÝ | AE34: =1320000*1.1+(150000*1.1) -> 1617000 | AF34: =+AB34+AE34 -> 1617000 | AG34: =+W34+X34 -> 0
B35: 10 | E35: 305461134330 | F35: 45029 | G35: KGNHẬPHẬP-23040791 | H35: X | J35: 1 | N35: EBKG05393156 | O35: MEDU4632174 | W35: 1450000 | X35: 1115000 | AB35: =V35+W35+X35+Y35+Z35+AA35 -> 2565000 | AC35: =+Z35 -> 0 | AD35: CHỈ TRUCKINHẬPHẬPG + THANHẬPHẬPH LÝ | AE35: =+(I35*3714000+J35*(3714000+100000))*1.1+(150000*1.1) -> 4360400 | AF35: =+AB35+AE35 -> 6925400 | AG35: =+W35+X35 -> 2565000
B36: 11 | E36: 105385151060 105385196820 105385153530 | F36: 45027 | G36: KGNHẬPHẬP-23040792 | H36: NHẬPHẬP | J36: 1 | N36: SZXEF23030054796 | O36: NHẬPHẬPLLU4209237 | W36: 1017500 | X36: 1540000 | AB36: =V36+W36+X36+Y36+Z36+AA36 -> 2557500 | AC36: =+Z36 -> 0 | AD36: TÍNHẬPHẬPH PHÍ CHI MIỄNHẬPHẬP KIỂM 500K - CHỈ TRUCKINHẬPHẬPG + THANHẬPHẬPH LÝ | AE36: =+(I36*3714000+J36*(3714000+100000))*1.1+(150000*1.1)+(500000*1.1) -> 4910400 | AF36: =+AB36+AE36 -> 7467900 | AG36: =+X36 -> 1540000
B37: 12 | E37: 305468151610 | F37: 45033 | G37: KGNHẬPHẬP-23040969 | H37: x | J37: 1 | N37: SGNHẬPHẬP1829764 | O37: TLLU4342899 | W37: 1050000 | X37: 961400 | AB37: =V37+W37+X37+Y37+Z37+AA37 -> 2011400 | AC37: =+Z37 -> 0 | AD37: CHỈ TRUCKINHẬPHẬPG + THANHẬPHẬPH LÝ | AE37: =+(I37*3714000+J37*(3714000+100000))*1.1+(150000*1.1) -> 4360400 | AF37: =+AB37+AE37 -> 6371800 | AG37: =+W37+X37 -> 2011400
B38: 13 | E38: 305484616160 | F38: 24/04/2023 | G38: KGNHẬPHẬP-23041545 | H38: x | J38: 1 | N38: 039DX23527 | O38: WHLU5707363 | W38: 1100000 | X38: 709500 | AB38: =V38+W38+X38+Y38+Z38+AA38 -> 1809500 | AC38: =+Z38 -> 0 | AD38: CHỈ TRUCKINHẬPHẬPG + THANHẬPHẬPH LÝ | AE38: =+(I38*3714000+J38*(3714000+100000))*1.1+(150000*1.1) -> 4360400 | AF38: =+AB38+AE38 -> 6169900 | AG38: =+W38+X38 -> 1809500
B39: 14 | E39: 305484472810 | F39: 24/04/2023 | G39: KGNHẬPHẬP-23041546 | H39: x | J39: 1 | N39: 71523780 | O39: HLBU2173925 | W39: 1450000 | X39: 1050000 | AB39: =V39+W39+X39+Y39+Z39+AA39 -> 2500000 | AC39: =+Z39 -> 0 | AD39: CHỈ TRUCKINHẬPHẬPG + THANHẬPHẬPH LÝ | AE39: =+(I39*3714000+J39*(3714000+100000))*1.1+(150000*1.1) -> 4360400 | AF39: =+AB39+AE39 -> 6860400 | AG39: =+W39+X39 -> 2500000
B40: 15 | E40: 305487825550 | F40: 25/04/2023 | G40: KGNHẬPHẬP-23041714 | H40: x | J40: 1 | N40: 039DX23528 | O40: WHSU6541077 | W40: 1100000 | X40: 709500 | AB40: =V40+W40+X40+Y40+Z40+AA40 -> 1809500 | AC40: =+Z40 -> 0 | AD40: CHỈ TRUCKINHẬPHẬPG + THANHẬPHẬPH LÝ | AE40: =+(I40*3714000+J40*(3714000+100000))*1.1+(150000*1.1) -> 4360400 | AF40: =+AB40+AE40 -> 6169900 | AG40: =+W40+X40 -> 1809500
B41: 16 | E41: 305493261530 | F41: 26/04/2023 | G41: KGNHẬPHẬP-23041716 | H41: x | J41: 1 | N41: SGNHẬPHẬPD53705300 | O41: TRHU6488334 | W41: 920000 | X41: 1055000 | AB41: =V41+W41+X41+Y41+Z41+AA41 -> 1975000 | AC41: =+Z41 -> 0 | AD41: CHỈ TRUCKINHẬPHẬPG + THANHẬPHẬPH LÝ | AE41: =+(I41*3714000+J41*(3714000+100000))*1.1+(150000*1.1) -> 4360400 | AF41: =+AB41+AE41 -> 6335400 | AG41: =+W41+X41 -> 1975000
B42: 17 | E42: 305495046860 | F42: 27/04/2023 | G42: KGNHẬPHẬP-23050218 | H42: x | J42: 1 | N42: SGNHẬPHẬPD32046509 | O42: ONHẬPHẬPEU0125724 | W42: =1056000+1250000 -> 2306000 | X42: =627000+5280000 -> 5907000 | AB42: =V42+W42+X42+Y42+Z42+AA42 -> 8213000 | AC42: =+Z42 -> 0 | AD42: TÍNHẬPHẬPH PHÍ LÀM HÀNHẬPHẬPG 1700K + VC CÁI MÉP + CHỈ TRUCKINHẬPHẬPG + THANHẬPHẬPH LÝ | AE42: =+(I42*3714000+J42*(3714000+100000))*1.1+(2500000*1.1)+(1700000*1.1)+(150000*1.1) -> 8980400 | AF42: =+AB42+AE42 -> 17193400 | AG42: =+W42 -> 2306000
B43: 18 | E43: 105422242110 | F43: 27/04/2023 | G43: KGNHẬPHẬP-23041850 | H43: NHẬPHẬP | K43: 1 | N43: DGML23040084 | AB43: =V43+W43+X43+Y43+Z43+AA43 -> 0 | AC43: =+Z43 -> 0 | AD43: CHỈ TRUCKINHẬPHẬPG + THANHẬPHẬPH LÝ | AE43: =(1320000*1.1)+(150000*1.1) -> 1617000 | AF43: =+AB43+AE43 -> 1617000
A44: THÁNHẬPHẬPG 05/2023 | AB44: =SUM(AB26:AB43) -> 37400900 | AC44: =SUM(AC26:AC43) -> 0 | AE44: =SUM(AE26:AE43) -> 74690000 | AF44: =+AB44+AC44+AE44 -> 112090900
B45: 1 | E45: 105433530420 | F45: 05/05/2023 | G45: KGNHẬPHẬP-23050462 | H45: NHẬPHẬP | K45: 1 | N45: HTAHCM23043190 | AB45: =V45+W45+X45+Y45+Z45+AA45 -> 0 | AC45: =+Z45 -> 0 | AD45: CHỈ TRUCKINHẬPHẬPG + THANHẬPHẬPH LÝ | AE45: =(1420000*1.1)+(150000*1.1) -> 1727000 | AF45: =+AB45+AE45 -> 1727000
B46: 2 | E46: 305511979750 | F46: 08/05/2023 | G46: KGNHẬPHẬP-23050509 | H46: X | J46: 2 | N46: 2140535460 | O46: BMOU4538995 CBHU9057375 | W46: =1450000+1450000 -> 2900000 | X46: =1056000+1056000 -> 2112000 | AB46: =V46+W46+X46+Y46+Z46+AA46 -> 5012000 | AC46: =+Z46 -> 0 | AD46: CHỈ TRUCKINHẬPHẬPG + THANHẬPHẬPH LÝ | AE46: =+(I46*3650000+J46*(3650000+100000))*1.1+(150000*1.1) -> 8415000 | AF46: =+AB46+AE46 -> 13427000 | AG46: =+W46+X46 -> 5012000
B47: 3 | E47: 305515154950 | F47: 09/05/2023 | G47: KGNHẬPHẬP-23050621 | H47: X | J47: 1 | N47: 039DX23525 | O47: TGCU0159100 | W47: 1100000 | X47: 709500 | AB47: =V47+W47+X47+Y47+Z47+AA47 -> 1809500 | AC47: =+Z47 -> 0 | AD47: CHỈ TRUCKINHẬPHẬPG + THANHẬPHẬPH LÝ | AE47: =+(I47*3650000+J47*(3650000+100000))*1.1+(150000*1.1) -> 4290000 | AF47: =+AB47+AE47 -> 6099500 | AG47: =+W47+X47 -> 1809500
B48: 4 | E48: 305538509640 | F48: 18/05/2023 | G48: KGNHẬPHẬP-23051380 | H48: X | J48: 1 | N48: EBKG05577834 | O48: MSMU4695129 | W48: 1450000 | X48: 1070000 | AB48: =V48+W48+X48+Y48+Z48+AA48 -> 2520000 | AC48: =+Z48 -> 0 | AD48: CHỈ TRUCKINHẬPHẬPG + THANHẬPHẬPH LÝ | AE48: =+(I48*3650000+J48*(3650000+100000))*1.1+(150000*1.1) -> 4290000 | AF48: =+AB48+AE48 -> 6810000 | AG48: =+W48+X48 -> 2520000
B49: 5 | E49: 305543781710 | F49: 22/05/2023 | G49: KGNHẬPHẬP-23051530 | H49: X | J49: 1 | N49: SGNHẬPHẬP1844681 | O49: TRHU8921320 | W49: 1450000 | X49: 1050000 | AB49: =V49+W49+X49+Y49+Z49+AA49 -> 2500000 | AC49: =+Z49 -> 0 | AD49: CHỈ TRUCKINHẬPHẬPG + THANHẬPHẬPH LÝ | AE49: =+(I49*3650000+J49*(3650000+100000))*1.1+(150000*1.1) -> 4290000 | AF49: =+AB49+AE49 -> 6790000 | AG49: =+W49+X49 -> 2500000
B50: 6 | E50: 305546306460 | F50: 23/05/2023 | G50: KGNHẬPHẬP-23051567 | H50: X | I50: 1 | N50: 71215165 | O50: TCLU7296675 | W50: 630000 | X50: 638000 | AB50: =V50+W50+X50+Y50+Z50+AA50 -> 1268000 | AC50: =+Z50 -> 0 | AD50: CHỈ TRUCKINHẬPHẬPG + THANHẬPHẬPH LÝ | AE50: =+(I50*3650000+J50*(3650000+100000))*1.1+(150000*1.1) -> 4180000 | AF50: =+AB50+AE50 -> 5448000 | AG50: =+W50+X50 -> 1268000
B51: 7 | E51: 305549183500 | F51: 24/05/2023 | G51: KGNHẬPHẬP-23051670 | H51: X | J51: 1 | N51: 72690981 | O51: HLBU1652501 | W51: 920000 | X51: 1050000 | AB51: =V51+W51+X51+Y51+Z51+AA51 -> 1970000 | AC51: =+Z51 -> 0 | AD51: CHỈ TRUCKINHẬPHẬPG + THANHẬPHẬPH LÝ | AE51: =+(I51*3650000+J51*(3650000+100000))*1.1+(150000*1.1) -> 4290000 | AF51: =+AB51+AE51 -> 6260000 | AG51: =+W51+X51 -> 1970000
B52: 8 | E52: 305552691750 | F52: 25/05/2023 | G52: KGNHẬPHẬP-23051804 | H52: X | J52: 1 | N52: YMLUNHẬPHẬP490372554 | O52: BEAU4297907 | W52: 1450000 | X52: 709500 | AB52: =V52+W52+X52+Y52+Z52+AA52 -> 2159500 | AC52: =+Z52 -> 0 | AD52: CHỈ TRUCKINHẬPHẬPG + THANHẬPHẬPH LÝ | AE52: =+(I52*3650000+J52*(3650000+100000))*1.1+(150000*1.1) -> 4290000 | AF52: =+AB52+AE52 -> 6449500 | AG52: =+W52+X52 -> 2159500
B53: 9 | E53: 305552215750 | F53: 25/05/2023 | G53: KGNHẬPHẬP-23051805 | H53: X | J53: 1 | N53: EBKG05750370 | O53: TRHU8634973 | W53: 1450000 | X53: 1070000 | AB53: =V53+W53+X53+Y53+Z53+AA53 -> 2520000 | AC53: =+Z53 -> 0 | AD53: CHỈ TRUCKINHẬPHẬPG + THANHẬPHẬPH LÝ | AE53: =+(I53*3650000+J53*(3650000+100000))*1.1+(150000*1.1) -> 4290000 | AF53: =+AB53+AE53 -> 6810000 | AG53: =+W53+X53 -> 2520000
A54: THÁNHẬPHẬPG 06/2023 | AB54: =SUM(AB36:AB53) -> 78035800 | AC54: =SUM(AC36:AC53) -> 0 | AE54: =SUM(AE36:AE53) -> 152061800 | AF54: =+AB54+AC54+AE54 -> 230097600
B55: 1 | E55: 305555637240 | F55: 26/05/2023 | G55: KGNHẬPHẬP-23051895 | H55: X | J55: 1 | N55: EBKG05661048 | O55: TGBU5976578 | W55: 1450000 | X55: 1070000 | AB55: =V55+W55+X55+Y55+Z55+AA55 -> 2520000 | AC55: =+Z55 -> 0 | AD55: CHỈ TRUCKINHẬPHẬPG + THANHẬPHẬPH LÝ + 150K PHÍ THANHẬPHẬPH LÝ T05.23 | AE55: =+(I55*3586000+J55*(3586000+100000))*1.1+(150000*2*1.1) -> 4384600 | AF55: =+AB55+AE55 -> 6904600 | AM55: KGNHẬPHẬP-PR-2306188
B56: 2 | E56: 305555949661 | F56: 26/05/2023 | G56: KGNHẬPHẬP-23051974 | H56: X | J56: 1 | N56: 6356961980 | O56: FCIU9505396 | W56: 1056000 | X56: 920000 | AB56: =V56+W56+X56+Y56+Z56+AA56 -> 1976000 | AC56: =+Z56 -> 0 | AD56: CHỈ TRUCKINHẬPHẬPG + THANHẬPHẬPH LÝ | AE56: =+(I56*3586000+J56*(3586000+100000))*1.1+(150000*1.1) -> 4219600 | AF56: =+AB56+AE56 -> 6195600
B57: 3 | E57: 105477868750 | F57: 26/05/2023 | G57: KGNHẬPHẬP-23051897 | H57: NHẬPHẬP | K57: 1 | M57: 2632/ 6.184 CBM | N57: CZVNHẬPHẬPSGNHẬPHẬP3E055 | T57: 2632/ 6.184 CBM | AB57: =V57+W57+X57+Y57+Z57+AA57 -> 0 | AC57: =+Z57 -> 0 | AD57: CHỈ TRUCKINHẬPHẬPG + THANHẬPHẬPH LÝ | AE57: =(3300000*1.1)+(150000*1.1) -> 3795000 | AF57: =+AB57+AE57 -> 3795000
B58: 4 | E58: 305560351410 | F58: 29/05/2023 | G58: KGNHẬPHẬP-23052003 | H58: X | J58: 1 | N58: 235300568009 | O58: TRHU7086258 | W58: 920000 | X58: 709500 | AB58: =V58+W58+X58+Y58+Z58+AA58 -> 1629500 | AC58: =+Z58 -> 0 | AD58: CHỈ TRUCKINHẬPHẬPG + THANHẬPHẬPH LÝ | AE58: =+(I58*3586000+J58*(3586000+100000))*1.1+(150000*1.1) -> 4219600 | AF58: =+AB58+AE58 -> 5849100
B59: 5 | E59: 305560419900 | F59: 29/05/2023 | G59: KGNHẬPHẬP-23052002 | H59: X | J59: 1 | N59: 2719365720 | O59: SKYU8146822 | W59: 1450000 | X59: 1055000 | AB59: =V59+W59+X59+Y59+Z59+AA59 -> 2505000 | AC59: =+Z59 -> 0 | AD59: CHỈ TRUCKINHẬPHẬPG + THANHẬPHẬPH LÝ | AE59: =+(I59*3586000+J59*(3586000+100000))*1.1+(150000*1.1) -> 4219600 | AF59: =+AB59+AE59 -> 6724600
B60: 6 | E60: 305564712260 | F60: 30/05/2023 | G60: KGNHẬPHẬP-23052095 | H60: X | J60: 1 | N60: EBKG05693005 | O60: MSMU5079920 | W60: 1450000 | X60: 1070000 | AB60: =V60+W60+X60+Y60+Z60+AA60 -> 2520000 | AC60: =+Z60 -> 0 | AD60: CHỈ TRUCKINHẬPHẬPG + THANHẬPHẬPH LÝ | AE60: =+(I60*3586000+J60*(3586000+100000))*1.1+(150000*1.1) -> 4219600 | AF60: =+AB60+AE60 -> 6739600
B61: 7 | E61: 305566470440 | F61: 31/05/2023 | G61: KGNHẬPHẬP-23052121 | H61: X | J61: 1 | N61: 71972161 | O61: HLXU6590797 | W61: 1450000 | X61: 1050000 | AB61: =V61+W61+X61+Y61+Z61+AA61 -> 2500000 | AC61: =+Z61 -> 0 | AD61: CHỈ TRUCKINHẬPHẬPG + THANHẬPHẬPH LÝ | AE61: =+(I61*3586000+J61*(3586000+100000))*1.1+(150000*1.1) -> 4219600 | AF61: =+AB61+AE61 -> 6719600
B62: 8 | E62: 105483285350 | F62: 31/05/2023 | G62: KGNHẬPHẬP-23060035 | H62: NHẬPHẬP | J62: 2 | N62: 220310096535 | O62: GAOU6769919 TLLU8711613 | V62: 616000 | W62: 1419000 | X62: =1450000+1450000 -> 2900000 | AB62: =V62+W62+X62+Y62+Z62+AA62 -> 4935000 | AC62: =+Z62 -> 0 | AD62: CHỈ TRUCKINHẬPHẬPG + THANHẬPHẬPH LÝ | AE62: =+(I62*3586000+J62*(3586000+100000))*1.1+(150000*2*1.1) -> 8439200 | AF62: =+AB62+AE62 -> 13374200
B63: 9 | E63: 305572329550 | F63: 02/6/2023 | G63: KGNHẬPHẬP-23060079 | H63: X | I63: 1 | N63: YMLUZ490311317 | O63: CAIU6578512 | W63: 900000 | X63: 401500 | AB63: =V63+W63+X63+Y63+Z63+AA63 -> 1301500 | AC63: =+Z63 -> 0 | AD63: CHỈ TRUCKINHẬPHẬPG + THANHẬPHẬPH LÝ | AE63: =+(I63*3586000+J63*(3586000+100000))*1.1+(150000*1.1) -> 4109600 | AF63: =+AB63+AE63 -> 5411100
B64: 10 | E64: 305576506930 | F64: 05/06/2023 | G64: KGNHẬPHẬP-23060207 | H64: X | K64: 1 | M64: 213.96/1.06CBM | N64: HCM-SBK-2306439 | T64: 213.96/1.06CBM | AB64: =V64+W64+X64+Y64+Z64+AA64 -> 0 | AC64: =+Z64 -> 0 | AD64: CHỈ TRUCKINHẬPHẬPG + THANHẬPHẬPH LÝ | AE64: =(1272000*1.1)+(150000*1.1) -> 1564200 | AF64: =+AB64+AE64 -> 1564200
B65: 11 | E65: 305579693330 | F65: 06/06/2023 | G65: KGNHẬPHẬP-23060360 | H65: X | J65: 1 | N65: 71643091 | O65: BSIU9647628 | W65: 1350000 | X65: 709500 | AB65: =V65+W65+X65+Y65+Z65+AA65 -> 2059500 | AC65: =+Z65 -> 0 | AD65: CHỈ TRUCKINHẬPHẬPG + THANHẬPHẬPH LÝ | AE65: =+(I65*3586000+J65*(3586000+100000))*1.1+(150000*1.1) -> 4219600 | AF65: =+AB65+AE65 -> 6279100
B66: 12 | E66: 305579143610 | F66: 06/06/2023 | G66: KGNHẬPHẬP-23060361 | H66: X | J66: 1 | N66: EBKG05783191 | O66: MSMU8022785 | W66: 1450000 | X66: 709500 | AB66: =V66+W66+X66+Y66+Z66+AA66 -> 2159500 | AC66: =+Z66 -> 0 | AD66: CHỈ TRUCKINHẬPHẬPG + THANHẬPHẬPH LÝ | AE66: =+(I66*3586000+J66*(3586000+100000))*1.1+(150000*1.1) -> 4219600 | AF66: =+AB66+AE66 -> 6379100
B67: 13 | E67: 305596349940 | F67: 14/06/2023 | G67: KGNHẬPHẬP-23060997 | H67: X | J67: 1 | N67: 2720559560 | O67: OOCU9079820 | W67: 1200000 | X67: 1160000 | AB67: =V67+W67+X67+Y67+Z67+AA67 -> 2360000 | AC67: =+Z67 -> 0 | AD67: CHỈ TRUCKINHẬPHẬPG + THANHẬPHẬPH LÝ | AE67: =+(I67*3586000+J67*(3586000+100000))*1.1+(150000*1.1) -> 4219600 | AF67: =+AB67+AE67 -> 6579600
B68: 14 | E68: 305596954150 | F68: 14/06/2023 | G68: KGNHẬPHẬP-23060999 | H68: X | J68: 1 | N68: EBKG05806348 | O68: MSMU6295369 | W68: 1450000 | X68: 1220000 | AB68: =V68+W68+X68+Y68+Z68+AA68 -> 2670000 | AC68: =+Z68 -> 0 | AD68: CHỈ TRUCKINHẬPHẬPG + THANHẬPHẬPH LÝ | AE68: =+(I68*3586000+J68*(3586000+100000))*1.1+(150000*1.1) -> 4219600 | AF68: =+AB68+AE68 -> 6889600
B69: 15 | E69: 305599567360 | F69: 15/06/2023 | G69: KGNHẬPHẬP-23061106 | H69: X | J69: 1 | N69: 72062045 | O69: GCXU5918223 | W69: 1450000 | X69: 1160000 | AB69: =V69+W69+X69+Y69+Z69+AA69 -> 2610000 | AC69: =+Z69 -> 0 | AD69: CHỈ TRUCKINHẬPHẬPG + THANHẬPHẬPH LÝ | AE69: =+(I69*3586000+J69*(3586000+100000))*1.1+(150000*1.1) -> 4219600 | AF69: =+AB69+AE69 -> 6829600
B70: 16 | E70: 305599128020 | F70: 15/06/2023 | G70: KGNHẬPHẬP-23061109 | H70: X | J70: 1 | N70: 039DX35238 | O70: WHSU6028249 | W70: 1100000 | X70: 709500 | AB70: =V70+W70+X70+Y70+Z70+AA70 -> 1809500 | AC70: =+Z70 -> 0 | AD70: CHỈ TRUCKINHẬPHẬPG + THANHẬPHẬPH LÝ | AE70: =+(I70*3586000+J70*(3586000+100000))*1.1+(150000*1.1) -> 4219600 | AF70: =+AB70+AE70 -> 6029100
B71: 17 | E71: 305600641050 | F71: 15/06/2023 | G71: KGNHẬPHẬP-23061110 | H71: X | J71: 1 | N71: 039DX35139 | O71: TCLU1582500 | W71: 1100000 | X71: 709500 | AB71: =V71+W71+X71+Y71+Z71+AA71 -> 1809500 | AC71: =+Z71 -> 0 | AD71: CHỈ TRUCKINHẬPHẬPG + THANHẬPHẬPH LÝ | AE71: =+(I71*3586000+J71*(3586000+100000))*1.1+(150000*1.1) -> 4219600 | AF71: =+AB71+AE71 -> 6029100
B72: 18 | E72: 305610594130 | F72: 20/06/2023 | G72: KGNHẬPHẬP-23061546 | H72: x | J72: 1 | N72: SGNHẬPHẬP1862771 | O72: CMAU8648210 | W72: 1350000 | X72: 709500 | AB72: =V72+W72+X72+Y72+Z72+AA72 -> 2059500 | AC72: =+Z72 -> 0 | AD72: CHỈ TRUCKINHẬPHẬPG + THANHẬPHẬPH LÝ | AE72: =+(I72*3586000+J72*(3586000+100000))*1.1+(150000*1.1) -> 4219600 | AF72: =+AB72+AE72 -> 6279100
B73: 19 | E73: 305609182930 | F73: 20/06/2023 | G73: KGNHẬPHẬP-23061552 | H73: x | J73: 1 | N73: SGNHẬPHẬP1867023 | O73: TGBU4321909 | W73: 1450000 | X73: 709500 | AB73: =V73+W73+X73+Y73+Z73+AA73 -> 2159500 | AC73: =+Z73 -> 0 | AD73: CHỈ TRUCKINHẬPHẬPG + THANHẬPHẬPH LÝ | AE73: =+(I73*3586000+J73*(3586000+100000))*1.1+(150000*1.1) -> 4219600 | AF73: =+AB73+AE73 -> 6379100
B74: 20 | E74: 305615186240 | F74: 22/06/2023 | G74: KGNHẬPHẬP-23061759 | H74: x | J74: 1 | N74: 71089920 | O74: HLBU2881415 | W74: 1450000 | X74: 1160000 | AB74: =V74+W74+X74+Y74+Z74+AA74 -> 2610000 | AC74: =+Z74 -> 0 | AD74: CHỈ TRUCKINHẬPHẬPG + THANHẬPHẬPH LÝ | AE74: =+(I74*3586000+J74*(3586000+100000))*1.1+(150000*1.1) -> 4219600 | AF74: =+AB74+AE74 -> 6829600
B75: 21 | E75: 305620103850 | F75: 24/06/2023 | G75: KGNHẬPHẬP-23062015 | H75: x | J75: 1 | N75: 235300659365 | O75: TRHU5846053 | W75: 1450000 | X75: 709500 | AB75: =V75+W75+X75+Y75+Z75+AA75 -> 2159500 | AC75: =+Z75 -> 0 | AD75: CHỈ TRUCKINHẬPHẬPG + THANHẬPHẬPH LÝ | AE75: =+(I75*3586000+J75*(3586000+100000))*1.1+(150000*1.1) -> 4219600 | AF75: =+AB75+AE75 -> 6379100
A76: THÁNHẬPHẬPG 07/2023 | AB76: =SUM(AB45:AB53) -> 19759000 | AC76: =SUM(AC36:AC53) -> 0 | AE76: =SUM(AE45:AE53) -> 40062000 | AF76: =+AB76+AC76+AE76 -> 59821000
B77: 1 | E77: 305624904710 | F77: 27/06/2023 | G77: KGNHẬPHẬP-23062135 | H77: X | J77: 1 | N77: SGNHẬPHẬP1871417 | O77: TCNHẬPHẬPU2837434 | W77: 1450000 | X77: 1160000 | AB77: =V77+W77+X77+Y77+Z77+AA77 -> 2610000 | AC77: =+Z77 -> 0 | AD77: CHỈ TRUCKINHẬPHẬPG + THANHẬPHẬPH LÝ | AE77: =+(I77*3650000+J77*(3650000+100000))*1.08+(150000*1.08) -> 4212000 | AF77: =+AB77+AE77 -> 6822000
B78: 2 | E78: 305628199460 | F78: 28/06/2023 | G78: KGNHẬPHẬP-23062229 | H78: X | J78: 1 | N78: 70915049 | O78: TGBU6066079 | W78: 1070000 | X78: 709500 | AB78: =V78+W78+X78+Y78+Z78+AA78 -> 1779500 | AC78: =+Z78 -> 0 | AD78: CHỈ TRUCKINHẬPHẬPG + THANHẬPHẬPH LÝ | AE78: =+(I78*3650000+J78*(3650000+100000))*1.08+(150000*1.08) -> 4212000 | AF78: =+AB78+AE78 -> 5991500
B79: 3 | E79: 305627735250 | F79: 28/06/2023 | G79: KGNHẬPHẬP-23062231 | H79: X | J79: 1 | N79: SGNHẬPHẬP1872515 | O79: TGBU4161755 | W79: 1450000 | X79: 1160000 | AB79: =V79+W79+X79+Y79+Z79+AA79 -> 2610000 | AC79: =+Z79 -> 0 | AD79: CHỈ TRUCKINHẬPHẬPG + THANHẬPHẬPH LÝ | AE79: =+(I79*3650000+J79*(3650000+100000))*1.08+(150000*1.08) -> 4212000 | AF79: =+AB79+AE79 -> 6822000
B80: 4 | E80: 305630845240 | F80: 29/06/2023 | G80: KGNHẬPHẬP-23062290 | H80: X | J80: 1 | N80: SGNHẬPHẬPD88359900 | O80: BEAU5480281 | W80: 1070000 | X80: 1160000 | AB80: =V80+W80+X80+Y80+Z80+AA80 -> 2230000 | AC80: =+Z80 -> 0 | AD80: CHỈ TRUCKINHẬPHẬPG + THANHẬPHẬPH LÝ | AE80: =+(I80*3650000+J80*(3650000+100000))*1.08+(150000*1.08) -> 4212000 | AF80: =+AB80+AE80 -> 6442000
B81: 5 | E81: 305638035160 | F81: 45110 | G81: KGNHẬPHẬP-23070171 | H81: X | J81: 1 | N81: SGNHẬPHẬPD92837500 | O81: TCLU7826034 | W81: 1050000 | X81: 1140000 | AB81: =V81+W81+X81+Y81+Z81+AA81 -> 2190000 | AC81: =+Z81 -> 0 | AD81: CHỈ TRUCKINHẬPHẬPG + THANHẬPHẬPH LÝ | AE81: =+(I81*3650000+J81*(3650000+100000))*1.08+(150000*1.08) -> 4212000 | AF81: =+AB81+AE81 -> 6402000
B82: 6 | E82: 305644174310 | F82: 45112 | G82: KGNHẬPHẬP-23070325 | H82: X | J82: 1 | N82: SGNHẬPHẬP1880299 | O82: TGHU6369884 | W82: 1450000 | X82: 1160000 | AB82: =V82+W82+X82+Y82+Z82+AA82 -> 2610000 | AC82: =+Z82 -> 0 | AD82: CHỈ TRUCKINHẬPHẬPG + THANHẬPHẬPH LÝ | AE82: =+(I82*3650000+J82*(3650000+100000))*1.08+(150000*1.08) -> 4212000 | AF82: =+AB82+AE82 -> 6822000
B83: 7 | E83: 305643987630 | F83: 45112 | G83: KGNHẬPHẬP-23070326 | H83: X | J83: 1 | N83: ZIMUHCM80342741 | O83: TCNHẬPHẬPU2508613 | W83: 1450000 | X83: 1160000 | AB83: =V83+W83+X83+Y83+Z83+AA83 -> 2610000 | AC83: =+Z83 -> 0 | AD83: CHỈ TRUCKINHẬPHẬPG + THANHẬPHẬPH LÝ | AE83: =+(I83*3650000+J83*(3650000+100000))*1.08+(150000*1.08) -> 4212000 | AF83: =+AB83+AE83 -> 6822000
B84: 8 | E84: 305646439360 | F84: 45113 | G84: KGNHẬPHẬP-23070371 | H84: X | J84: 1 | N84: ZIMUHCM80341144 | O84: ZCSU6900801 | W84: 1450000 | X84: 1160000 | AB84: =V84+W84+X84+Y84+Z84+AA84 -> 2610000 | AC84: =+Z84 -> 0 | AD84: CHỈ TRUCKINHẬPHẬPG + THANHẬPHẬPH LÝ | AE84: =+(I84*3650000+J84*(3650000+100000))*1.08+(150000*1.08) -> 4212000 | AF84: =+AB84+AE84 -> 6822000
B85: 9 | E85: 305651703360 | F85: 45115 | G85: KGNHẬPHẬP-23070827 | H85: X | J85: 1 | N85: SGNHẬPHẬPD99318600 | O85: TCLU4439622 | W85: 1050000 | X85: 696600 | AB85: =V85+W85+X85+Y85+Z85+AA85 -> 1746600 | AC85: =+Z85 -> 0 | AD85: CHỈ TRUCKINHẬPHẬPG + THANHẬPHẬPH LÝ | AE85: =+(I85*3650000+J85*(3650000+100000))*1.08+(150000*1.08) -> 4212000 | AF85: =+AB85+AE85 -> 5958600
B86: 10 | E86: 105571332200 | F86: 45117 | G86: KGNHẬPHẬP-23070516 | H86: NHẬPHẬP | J86: 3 | N86: 001DA97683 | O86: WHSU6604658 WHSU6036769 WHSU6709010 | W86: 2089800 | X86: =1100000+1100000+1100000 -> 3300000 | AB86: =V86+W86+X86+Y86+Z86+AA86 -> 5389800 | AC86: =+Z86 -> 0 | AD86: CHỈ TRUCKINHẬPHẬPG + THANHẬPHẬPH LÝ | AE86: =+(I86*3650000+J86*(3650000+100000))*1.08+(150000*3*1.08) -> 12636000 | AF86: =+AB86+AE86 -> 18025800 | AM86: KGNHẬPHẬP-PR-2307507
B87: 11 | E87: 305658587200 | F87: 45119 | G87: KGNHẬPHẬP-23071062 | H87: X | K87: 1 | M87: 513,29 | N87: HCM-SBK-2307540 | T87: 513,29 | AB87: =V87+W87+X87+Y87+Z87+AA87 -> 0 | AC87: =+Z87 -> 0 | AD87: CHỈ TRUCKINHẬPHẬPG + THANHẬPHẬPH LÝ | AE87: =(1320000*1.08)+(150000*1.08) -> 1587600 | AF87: =+AB87+AE87 -> 1587600
B88: 12 | E88: 305672397830 | F88: 18/07/2023 | G88: KGNHẬPHẬP-23071059 | H88: x | J88: 2 | N88: 039DX37910 | O88: WHSU5446732 WHSU5598041 | W88: =1100000+1100000 -> 2200000 | X88: =696600+696600 -> 1393200 | AB88: =V88+W88+X88+Y88+Z88+AA88 -> 3593200 | AC88: =+Z88 -> 0 | AD88: CHỈ TRUCKINHẬPHẬPG + THANHẬPHẬPH LÝ | AE88: =+(I88*3650000+J88*(3650000+100000))*1.08+(150000*2*1.08) -> 8424000 | AF88: =+AB88+AE88 -> 12017200
B89: 13 | E89: 305674349650 | F89: 18/07/2023 | G89: KGNHẬPHẬP-23071060 | H89: x | J89: 2 | N89: 039DX37913 | O89: WHSU6770134 WHSU5638524 | W89: =1100000+1100000 -> 2200000 | X89: =696600+696600 -> 1393200 | AB89: =V89+W89+X89+Y89+Z89+AA89 -> 3593200 | AC89: =+Z89 -> 0 | AD89: CHỈ TRUCKINHẬPHẬPG + THANHẬPHẬPH LÝ | AE89: =+(I89*3650000+J89*(3650000+100000))*1.08+(150000*2*1.08) -> 8424000 | AF89: =+AB89+AE89 -> 12017200
B90: 14 | E90: 305681825060 | F90: 21/07/2023 | G90: KGNHẬPHẬP-23071181 | H90: x | J90: 1 | N90: EBKG06131084 | O90: FCIU7374785 | W90: 1450000 | X90: 696600 | AB90: =V90+W90+X90+Y90+Z90+AA90 -> 2146600 | AC90: =+Z90 -> 0 | AD90: CHỈ TRUCKINHẬPHẬPG + THANHẬPHẬPH LÝ | AE90: =+(I90*3650000+J90*(3650000+100000))*1.08+(150000*1.08) -> 4212000 | AF90: =+AB90+AE90 -> 6358600
B91: 15 | E91: 105593291900 | F91: 21/07/2023 | G91: KGNHẬPHẬP-23071176 | H91: NHẬPHẬP | K91: 1 | M91: 1.902,82 | N91: CTAHCM23073122 | T91: 1.902,82 | AB91: =V91+W91+X91+Y91+Z91+AA91 -> 0 | AC91: =+Z91 -> 0 | AD91: CHỈ TRUCKINHẬPHẬPG + THANHẬPHẬPH LÝ | AE91: =+(2220000*1.08)+(150000*1.08) -> 2559600 | AF91: =+AB91+AE91 -> 2559600
B92: 16 | E92: 305687224530 | F92: 24/07/2023 | G92: KGNHẬPHẬP-23071312 | H92: X | I92: 1 | N92: ZIMUHCM80347555 | O92: TEMU4296112 | W92: 378000 | X92: 394200 | AB92: =V92+W92+X92+Y92+Z92+AA92 -> 772200 | AC92: =+Z92 -> 0 | AD92: CHỈ TRUCKINHẬPHẬPG + THANHẬPHẬPH LÝ | AE92: =+(I92*3650000+J92*(3650000+100000))*1.08+(150000*1.08) -> 4104000 | AF92: =+AB92+AE92 -> 4876200
B93: 17 | E93: 305691369450 | F93: 25/07/2023 | G93: KGNHẬPHẬP-23071419 | H93: x | J93: 2 | N93: 039DX39584 | O93: WHSU5827338 WHSU6088206 | W93: =1100000+1100000 -> 2200000 | X93: =696600+696600 -> 1393200 | AB93: =V93+W93+X93+Y93+Z93+AA93 -> 3593200 | AC93: =+Z93 -> 0 | AD93: CHỈ TRUCKINHẬPHẬPG + THANHẬPHẬPH LÝ | AE93: =+(I93*3650000+J93*(3650000+100000))*1.08+(150000*2*1.08) -> 8424000 | AF93: =+AB93+AE93 -> 12017200
B94: 18 | E94: 305690681460 | F94: 25/07/2023 | G94: KGNHẬPHẬP-23071422 | H94: x | J94: 1 | N94: EBKG06201552 | O94: MSMU7249516 | W94: 1080000 | X94: 696600 | AB94: =V94+W94+X94+Y94+Z94+AA94 -> 1776600 | AC94: =+Z94 -> 0 | AD94: CHỈ TRUCKINHẬPHẬPG + THANHẬPHẬPH LÝ | AE94: =+(I94*3650000+J94*(3650000+100000))*1.08+(150000*1.08) -> 4212000 | AF94: =+AB94+AE94 -> 5988600
B95: 19 | E95: 105609685313 105609485442 | F95: 27/07/2023 | G95: KGNHẬPHẬP-23071802 | H95: NHẬPHẬP | I95: 1 | N95: SZXEF23070099720 SZXEF23070099720B | O95: CMAU2440106 | V95: 86400 | W95: 561600 | X95: 900000 | AB95: =V95+W95+X95+Y95+Z95+AA95 -> 1548000 | AC95: =+Z95 -> 0 | AE95: =+(I95*3650000+J95*(3650000+100000))*1.08+(150000*1*1.08) -> 4104000 | AF95: =+AB95+AE95 -> 5652000 | AM95: KGNHẬPHẬP-PR-2307587
A96: THÁNHẬPHẬPG 08/2023 | AB96: =SUM(AB77:AB95) -> 43408900 | AC96: =SUM(AC77:AC95) -> 0 | AE96: =SUM(AE77:AE95) -> 96595200 | AF96: =+AB96+AC96+AE96 -> 140004100
B97: 1 | E97: 305694734940 | F97: 26/07/2023 | G97: KGNHẬPHẬP-23071496 | H97: x | I97: 1 | J97: 1 | N97: EBKG06226381 | O97: MSMU5838991 TRHU3537327 | W97: =1450000+900000 -> 2350000 | X97: =696600+394200 -> 1090800 | AB97: =V97+W97+X97+Y97+Z97+AA97 -> 3440800 | AC97: =+Z97 -> 0 | AD97: CHỈ TRUCKINHẬPHẬPG + THANHẬPHẬPH LÝ | AE97: =+(I97*3778000+J97*(3778000+100000))*1.08+((I97+J97+K97)*150000)*1.08 -> 8592480 | AF97: =+AB97+AE97 -> 12033280
B98: 2 | E98: 305693938710 | F98: 26/07/2023 | G98: KGNHẬPHẬP-23071497 | H98: x | J98: 1 | N98: ONHẬPHẬPEYSGNHẬPHẬPDA6344800 | O98: TLLU5540688 | W98: 1050000 | X98: 1140000 | AB98: =V98+W98+X98+Y98+Z98+AA98 -> 2190000 | AC98: =+Z98 -> 0 | AD98: CHỈ TRUCKINHẬPHẬPG + THANHẬPHẬPH LÝ | AE98: =+(I98*3778000+J98*(3778000+100000))*1.08+((I98+J98+K98)*150000)*1.08 -> 4350240 | AF98: =+AB98+AE98 -> 6540240
B99: 3 | E99: 305696831330 | F99: 27/07/2023 | G99: KGNHẬPHẬP-23071503 | H99: x | I99: 1 | N99: SGNHẬPHẬPDA9710800 | O99: NHẬPHẬPYKU3273116 | W99: 720000 | X99: 700000 | AB99: =V99+W99+X99+Y99+Z99+AA99 -> 1420000 | AC99: =+Z99 -> 0 | AD99: CHỈ TRUCKINHẬPHẬPG + THANHẬPHẬPH LÝ | AE99: =+(I99*3778000+J99*(3778000+100000))*1.08+((I99+J99+K99)*150000)*1.08 -> 4242240 | AF99: =+AB99+AE99 -> 5662240
B100: 4 | E100: 305721535250 | F100: 45145 | G100: KGNHẬPHẬP-23080406 | H100: x | J100: 1 | N100: 70348539 | O100: AMFU8839788 | W100: 1050000 | X100: 1140000 | AB100: =V100+W100+X100+Y100+Z100+AA100 -> 2190000 | AC100: =+Z100 -> 0 | AD100: CHỈ TRUCKINHẬPHẬPG + THANHẬPHẬPH LÝ | AE100: =+(I100*3778000+J100*(3778000+100000))*1.08+((I100+J100+K100)*150000)*1.08 -> 4350240 | AF100: =+AB100+AE100 -> 6540240
...

Sheet NOVA XUẤT
A1: GHI CHÚ: 100% FCL HUN TRÙNG - LCL HỎI LẠI + LÀM PKL HẠ/ VGM HÀNG ĐI MỸ HẠ TRƯỚC NGÀY 14 VÀ 31 HẰNG THÁNG
V2: =+INDEX('[2]CHI HO T.1'!$K$4:$K$36,MATCH(N2,$N$8:$N$31,0)) -> #N/A | AE2: =(AC2*1.08)+((AH2*$AH$4)+(G2*3450000+H2*3550000+I2*AI2)+(AJ2*$AJ$4)+(AK2*$AK$4)+(AL2*$AL$4)+(AM2*$AM$4*(G2+H2))+(AN2*$AN$4)+(AO2*$AO$4)+(AP2*$AP$4)+(AQ2*$AQ$4))*1.08 -> 0
A3: THEO DÕI HÀNG HÓA TẠM ỨNG, THANH TOÁN, ĐIỀU XE - NOVA
C4: MST: 3703185737 | D4: Địa chỉ: Lô E5-1 (khu B4), Đường D9, Khu công nghiệp Rạch Bắp, Phường Tây Nam, Thành phố Hồ Chí Minh, Việt Nam | AH4: 770000 | AJ4: 900000 | AK4: 450000 | AL4: 2500000 | AM4: 1000000 | AN4: 203703 | AO4: 1000000 | AP4: 400000 | AQ4: 650000 | AR4: 300000
A5: STT | B5: NGÀY ĐÓNG HÀNG | C5: Số TK | D5: Ngày ĐK | E5: Tạo Job | F5: X/N | G5: 20' | H5: 40' | I5: LCL | J5: KHỐI LƯỢNG | K5: BOOKING | L5: SỐ INV | M5: STT CONT | N5: SỐ CONT | O5: SỐ SEAL | P5: CUT OFF | Q5: NƠI LẤY RỖNG | R5: CẢNG HẠ | S5: SỐ XE | T5: C/O | U5: PHỤ PHÍ NÂNG | V5: PHÍ NÂNG | W5: PHÍ HẠ | X5: PHÍ CHỨNG TỪ (TM) | Y5: PHÍ CHỨNG TỪ (ST CK) | Z5: PHÍ CSHT | AA5: PHÍ DEM/DET | AB5: TỔNG CHI HỘ (CASH) | AC5: PHÍ TK THỨ 2 | AD5: GHI CHÚ PHÁT SINH | AE5: PHÍ DỊCH VỤ GN | AF5: DT BẢNG KÊ (GỒM VAT) | AG5: GIAO BẢNG KÊ | AH5: PHÍ TTHQ | AI5: PHÍ VC LCL | AJ5: PHỤ THU VC HÀNG NẶNG > 25 TẤN | AK5: PHỤ THU VC HÀNG NẶNG ( từ 21.8 tấn - 25 tấn) | AL5: Phụ thu lấy cont xa (cảng CÁI MÉP) | AM5: Phụ thu lấy cont xa (cảng Hiệp Phước) | AN5: Phí BOT | AO5: Phí Hóa chất | AP5: Phụ thu Kiểm hóa | AQ5: Phí hun trùng | AR5: Phí cho tờ khai thứ 2
A6: THÁNG 1/2025
A7: 1 | B7: BSUNG CO FORM B | C7: 306881757731 306881769631 306881783852 | D7: 45602 | E7: KGN-25011271 | F7: X | G7: 3 | J7: 48412 | K7: EBKG10676895 | L7: BN-20241106-1 BN-20241106-2 BN-20241106-3 | N7: MEDU6461553 MEDU5000222 FCIU3083966 | O7: FX34903771 FX34903779 FX34903789 | AB7: =+U7+V7+W7+X7+Y7+Z7+AA7 -> 0 | AD7: JW STONE | AE7: =600000*1.08 -> 648000 | AF7: =+AB7+AE7 -> 648000
A8: 2 | B8: 06/01/2025 | C8: 307045848710 | D8: 06/01/2025 | E8: KGN-25011231 | F8: X | G8: 1 | J8: 16361.25 | K8: ZIMUHCM80493786 | L8: KP-20250106-1 | N8: JZPU4102333 | P8: SI,VGM: 00H 09/01/2025 08H 09/01/2025 | R8: CLGN | V8: 1590000 | W8: 1296000 | Z8: 250000 | AB8: =+U8+V8+W8+X8+Y8+Z8+AA8 -> 3136000 | AE8: =(AC8*1.08)+((AH8*$AH$4)+(G8*3450000+H8*3550000+I8*AI8)+(AJ8*$AJ$4)+(AK8*$AK$4)+(AL8*$AL$4)+(AN8*$AN$4)+(AO8*$AO$4)+(AP8*$AP$4)+(AQ8*$AQ$4))*1.08 -> 5259600 | AF8: =+AB8+AE8 -> 8395600 | AH8: 1 | AQ8: 1
A9: 3 | C9: 307045857660 | D9: 06/01/2025 | G9: 1 | J9: 17046.09 | L9: KP-20250106-2 | N9: TRHU3614526 | R9: CLGN | V9: 0 | Z9: 250000 | AB9: =+U9+V9+W9+X9+Y9+Z9+AA9 -> 250000 | AE9: =(AC9*1.08)+((AH9*$AH$4)+(G9*3450000+H9*3550000+I9*AI9)+(AJ9*$AJ$4)+(AK9*$AK$4)+(AL9*$AL$4)+(AN9*$AN$4)+(AO9*$AO$4)+(AP9*$AP$4)+(AQ9*$AQ$4))*1.08 -> 5259600 | AF9: =+AB9+AE9 -> 5509600 | AH9: 1 | AQ9: 1
A10: 4 | C10: 307045915430 | D10: 06/01/2025 | G10: 1 | J10: 16942.9 | L10: KP-20250106-3 | N10: ZIMU3079667 | R10: CLGN | V10: 795000 | Z10: 250000 | AB10: =+U10+V10+W10+X10+Y10+Z10+AA10 -> 1045000 | AE10: =(AC10*1.08)+((AH10*$AH$4)+(G10*3450000+H10*3550000+I10*AI10)+(AJ10*$AJ$4)+(AK10*$AK$4)+(AL10*$AL$4)+(AN10*$AN$4)+(AO10*$AO$4)+(AP10*$AP$4)+(AQ10*$AQ$4))*1.08 -> 5259600 | AF10: =+AB10+AE10 -> 6304600 | AH10: 1 | AQ10: 1
A11: 5 | B11: 07/01/2025 | C11: 307049170210 | D11: 07/01/2025 | E11: KGN-25011273 | F11: X | G11: 1 | J11: 16973.83 | K11: ZIMUHCM80493787 | L11: KP-20250107-4 | M11: 4 | N11: TEMU4387300 | P11: SI,VGM: 00H 09/01/2025 '22H 08/01/2025 | R11: CLGN | V11: 795000 | W11: 1296000 | Z11: 250000 | AB11: =+U11+V11+W11+X11+Y11+Z11+AA11 -> 2341000 | AE11: =(AC11*1.08)+((AH11*$AH$4)+(G11*3450000+H11*3550000+I11*AI11)+(AJ11*$AJ$4)+(AK11*$AK$4)+(AL11*$AL$4)+(AN11*$AN$4)+(AO11*$AO$4)+(AP11*$AP$4)+(AQ11*$AQ$4))*1.08 -> 5259600 | AF11: =+AB11+AE11 -> 7600600 | AH11: 1 | AQ11: 1
A12: 6 | C12: 307049175660 | D12: 07/01/2025 | G12: 1 | J12: 15385.02 | L12: KP-20250107-5 | M12: 5 | N12: TDTU7866547 | V12: 795000 | Z12: 250000 | AB12: =+U12+V12+W12+X12+Y12+Z12+AA12 -> 1045000 | AE12: =(AC12*1.08)+((AH12*$AH$4)+(G12*3450000+H12*3550000+I12*AI12)+(AJ12*$AJ$4)+(AK12*$AK$4)+(AL12*$AL$4)+(AN12*$AN$4)+(AO12*$AO$4)+(AP12*$AP$4)+(AQ12*$AQ$4))*1.08 -> 5259600 | AF12: =+AB12+AE12 -> 6304600 | AH12: 1 | AQ12: 1
A13: 7 | C13: 307049180820 | D13: 07/01/2025 | G13: 1 | J13: 13083.5 | L13: KP-20250107-6 | M13: 7 | N13: CAIU6457634 | V13: 795000 | Z13: 250000 | AB13: =+U13+V13+W13+X13+Y13+Z13+AA13 -> 1045000 | AE13: =(AC13*1.08)+((AH13*$AH$4)+(G13*3450000+H13*3550000+I13*AI13)+(AJ13*$AJ$4)+(AK13*$AK$4)+(AL13*$AL$4)+(AN13*$AN$4)+(AO13*$AO$4)+(AP13*$AP$4)+(AQ13*$AQ$4))*1.08 -> 5259600 | AF13: =+AB13+AE13 -> 6304600 | AH13: 1 | AQ13: 1
A14: 8 | B14: 13/01/2025 | C14: 307065448010 | D14: 13/01/2025 | E14: KGN-25011274 | F14: X | G14: 1 | J14: 14412 | K14: SGN2556894 | L14: DH-20240805-6 | M14: 6 | N14: CMAU0522524 | O14: R6429552 | P14: VGM,SI: 1H 13/01/2025 CY: 13:00 15/01/2025 | R14: ICD PL3 | V14: 870000 | W14: 1420000 | Z14: 250000 | AB14: =+U14+V14+W14+X14+Y14+Z14+AA14 -> 2540000 | AE14: =(AC14*1.08)+((AH14*$AH$4)+(G14*3450000+H14*3550000+I14*AI14)+(AJ14*$AJ$4)+(AK14*$AK$4)+(AL14*$AL$4)+(AN14*$AN$4)+(AO14*$AO$4)+(AP14*$AP$4)+(AQ14*$AQ$4))*1.08 -> 5259600 | AF14: =+AB14+AE14 -> 7799600 | AH14: 1 | AQ14: 1
A15: 9 | C15: 307065457660 | D15: 13/01/2025 | G15: 1 | J15: 14882.32 | L15: DH-20240805-7 | M15: 7 | N15: TRHU3049913 | O15: R6429551 | V15: 870000 | Z15: 250000 | AB15: =+U15+V15+W15+X15+Y15+Z15+AA15 -> 1120000 | AE15: =(AC15*1.08)+((AH15*$AH$4)+(G15*3450000+H15*3550000+I15*AI15)+(AJ15*$AJ$4)+(AK15*$AK$4)+(AL15*$AL$4)+(AN15*$AN$4)+(AO15*$AO$4)+(AP15*$AP$4)+(AQ15*$AQ$4))*1.08 -> 5259600 | AF15: =+AB15+AE15 -> 6379600 | AH15: 1 | AQ15: 1
A16: 10 | B16: 13/01/2025 | C16: 307065388620 | D16: 13/01/2025 | E16: KGN-25011275 | F16: X | G16: 1 | J16: 17390.6 | K16: 039FX00951 | L16: DH-20220620-5 | M16: 5 | N16: WHSU2681764 | O16: WHAB650217 | P16: 23H 14/1/2025 HẠ TRƯỚC 23H59 14/1 CY: 20:00 16/01/2025 | R16: ICD SOTRANS | V16: 900000 | W16: 1400000 | Z16: 250000 | AB16: =+U16+V16+W16+X16+Y16+Z16+AA16 -> 2550000 | AE16: =(AC16*1.08)+((AH16*$AH$4)+(G16*3450000+H16*3550000+I16*AI16)+(AJ16*$AJ$4)+(AK16*$AK$4)+(AL16*$AL$4)+(AN16*$AN$4)+(AO16*$AO$4)+(AP16*$AP$4)+(AQ16*$AQ$4))*1.08 -> 5259600 | AF16: =+AB16+AE16 -> 7809600 | AH16: 1 | AQ16: 1
A17: 11 | C17: 307065400040 | D17: 13/01/2025 | G17: 1 | J17: 17390.6 | L17: DH-20220620-6 | M17: 6 | N17: WHSU2601732 | O17: WHAB650211 | V17: 900000 | Z17: 250000 | AB17: =+U17+V17+W17+X17+Y17+Z17+AA17 -> 1150000 | AE17: =(AC17*1.08)+((AH17*$AH$4)+(G17*3450000+H17*3550000+I17*AI17)+(AJ17*$AJ$4)+(AK17*$AK$4)+(AL17*$AL$4)+(AN17*$AN$4)+(AO17*$AO$4)+(AP17*$AP$4)+(AQ17*$AQ$4))*1.08 -> 5259600 | AF17: =+AB17+AE17 -> 6409600 | AH17: 1 | AQ17: 1
A18: 12 | C18: 307065410060 | D18: 13/01/2025 | G18: 1 | J18: 17390.6 | L18: DH-20220620-7 | M18: 7 | N18: WHSU2656951 | O18: WHAB650132 | V18: 900000 | W18: 700000 | Z18: 250000 | AB18: =+U18+V18+W18+X18+Y18+Z18+AA18 -> 1850000 | AE18: =(AC18*1.08)+((AH18*$AH$4)+(G18*3450000+H18*3550000+I18*AI18)+(AJ18*$AJ$4)+(AK18*$AK$4)+(AL18*$AL$4)+(AN18*$AN$4)+(AO18*$AO$4)+(AP18*$AP$4)+(AQ18*$AQ$4))*1.08 -> 5259600 | AF18: =+AB18+AE18 -> 7109600 | AH18: 1 | AQ18: 1
A19: 13 | B19: 15/01/2025 | C19: 307073035750 | D19: 15/01/2025 | E19: KGN-25011276 | F19: X | G19: 1 | J19: 15585.85 | K19: SGN2548753 | L19: DH-20241125-1 | M19: 1 | N19: SEGU3023550 | O19: R1797041 | P19: 07:59 18/01/2025 | R19: ICD PL3 | V19: 1000000 | W19: 2840000 | Z19: 250000 | AB19: =+U19+V19+W19+X19+Y19+Z19+AA19 -> 4090000 | AE19: =(AC19*1.08)+((AH19*$AH$4)+(G19*3450000+H19*3550000+I19*AI19)+(AJ19*$AJ$4)+(AK19*$AK$4)+(AL19*$AL$4)+(AN19*$AN$4)+(AO19*$AO$4)+(AP19*$AP$4)+(AQ19*$AQ$4))*1.08 -> 5259600 | AF19: =+AB19+AE19 -> 9349600 | AH19: 1 | AQ19: 1
A20: 14 | C20: 307073044630 | D20: 15/01/2025 | G20: 1 | J20: 15726.2 | L20: DH-20241125-2 | M20: 2 | N20: SEGU1639398 | O20: R1796997 | V20: 1000000 | Z20: 250000 | AB20: =+U20+V20+W20+X20+Y20+Z20+AA20 -> 1250000 | AE20: =(AC20*1.08)+((AH20*$AH$4)+(G20*3450000+H20*3550000+I20*AI20)+(AJ20*$AJ$4)+(AK20*$AK$4)+(AL20*$AL$4)+(AN20*$AN$4)+(AO20*$AO$4)+(AP20*$AP$4)+(AQ20*$AQ$4))*1.08 -> 5259600 | AF20: =+AB20+AE20 -> 6509600 | AH20: 1 | AQ20: 1
A21: 15 | C21: 307073052110 | D21: 15/01/2025 | G21: 1 | J21: 15364.74 | L21: DH-20241125-3 | M21: 3 | N21: CMAU3276506 | O21: R1797095 | V21: 1000000 | Z21: 250000 | AB21: =+U21+V21+W21+X21+Y21+Z21+AA21 -> 1250000 | AE21: =(AC21*1.08)+((AH21*$AH$4)+(G21*3450000+H21*3550000+I21*AI21)+(AJ21*$AJ$4)+(AK21*$AK$4)+(AL21*$AL$4)+(AN21*$AN$4)+(AO21*$AO$4)+(AP21*$AP$4)+(AQ21*$AQ$4))*1.08 -> 5259600 | AF21: =+AB21+AE21 -> 6509600 | AH21: 1 | AQ21: 1
A22: 16 | C22: 307073060620 | D22: 15/01/2025 | G22: 1 | J22: 15430.8 | L22: DH-20241125-4 | M22: 4 | N22: TEMU2858186 | O22: R1797094 | V22: 1000000 | Z22: 250000 | AB22: =+U22+V22+W22+X22+Y22+Z22+AA22 -> 1250000 | AE22: =(AC22*1.08)+((AH22*$AH$4)+(G22*3450000+H22*3550000+I22*AI22)+(AJ22*$AJ$4)+(AK22*$AK$4)+(AL22*$AL$4)+(AN22*$AN$4)+(AO22*$AO$4)+(AP22*$AP$4)+(AQ22*$AQ$4))*1.08 -> 5259600 | AF22: =+AB22+AE22 -> 6509600 | AH22: 1 | AQ22: 1
A23: 17 | B23: 15/01/2025 | C23: 307074029200 | D23: 15/01/2025 | E23: KGN-25011277 | F23: X | H23: 1 | J23: 11406.6 | K23: YMJAW490472986 | L23: DLNV-20250115 | M23: 1 | N23: SEGU5358399 | O23: YMAR983925 | P23: SI: 16H 16/01/2025 22h 19/01/2025 | R23: ICD PL 3 | V23: 1450000 | W23: 1160000 | Z23: 500000 | AB23: =+U23+V23+W23+X23+Y23+Z23+AA23 -> 3110000 | AE23: =(AC23*1.08)+((AH23*$AH$4)+(G23*3450000+H23*3550000+I23*AI23)+(AJ23*$AJ$4)+(AK23*$AK$4)+(AL23*$AL$4)+(AN23*$AN$4)+(AO23*$AO$4)+(AP23*$AP$4)+(AQ23*$AQ$4))*1.08 -> 5367600 | AF23: =+AB23+AE23 -> 8477600 | AH23: 1 | AQ23: 1
A24: 18 | B24: 16/01/2025 | C24: 307076925910 | D24: 16/01/2025 | E24: KGN-25011278 | F24: X | G24: 1 | J24: 18065.15 | K24: SGNF00574800 | L24: LEVA-20250116-4 | M24: 4 | N24: FCIU5558398 | O24: VN53166AJ | P24: CY: 22:00 22/01/2025 | R24: ICD PHUC LONG | V24: 1000000 | W24: 700000 | Z24: 250000 | AB24: =+U24+V24+W24+X24+Y24+Z24+AA24 -> 1950000 | AE24: =(AC24*1.08)+((AH24*$AH$4)+(G24*3450000+H24*3550000+I24*AI24)+(AJ24*$AJ$4)+(AK24*$AK$4)+(AL24*$AL$4)+(AN24*$AN$4)+(AO24*$AO$4)+(AP24*$AP$4)+(AQ24*$AQ$4))*1.08 -> 5259600 | AF24: =+AB24+AE24 -> 7209600 | AH24: 1 | AQ24: 1
